"","ia_1ad","ia_2ad","ia_3ad","ia_4ad","ia_5ad","ia_6ad","ia_7men","ia_8men","ia_9men","ia_10men","ia_11men","ia_12men","plb_m","tot_integ"
"1",1,1,1,0,1,1,1,1,0,0,0,0,0,5
"2",0,0,0,0,0,0,0,0,0,0,0,0,0,4
"3",0,0,0,0,0,0,0,0,0,0,0,0,0,5
"4",0,0,0,0,0,0,0,0,0,0,0,0,0,5
"5",0,0,0,0,0,0,0,0,0,0,0,0,0,5
"6",1,0,1,0,0,0,0,0,0,0,0,0,0,5
"7",1,0,0,0,0,0,0,0,0,0,0,0,0,5
"8",1,0,0,0,0,0,1,0,0,0,0,0,0,7
"9",1,0,1,0,0,0,1,1,1,0,0,0,0,5
"10",0,0,0,0,0,0,0,0,0,0,0,0,1,5
"11",1,1,1,1,1,1,1,1,0,0,1,0,0,4
"12",0,0,0,0,0,0,0,0,0,0,0,0,0,3
"13",0,0,0,0,0,0,0,0,0,0,0,0,0,4
"14",0,0,0,0,0,0,0,0,0,0,0,0,1,9
"15",1,1,1,0,1,1,1,1,1,1,1,1,0,8
"16",0,0,0,0,0,0,0,0,0,0,0,0,0,3
"17",0,0,0,0,0,0,0,0,0,0,0,0,0,6
"18",0,0,0,0,0,0,0,0,0,0,0,0,0,6
"19",0,0,0,0,0,0,0,0,0,0,0,0,0,3
"20",0,0,0,0,0,0,0,0,0,0,0,0,0,3
"21",0,0,0,0,0,0,0,0,0,0,0,0,0,5
"22",1,0,1,0,0,0,1,0,0,0,0,0,0,5
"23",1,0,0,0,0,0,1,0,0,1,0,0,1,6
"24",1,1,0,0,1,0,1,0,1,0,0,0,1,4
"25",0,0,0,0,0,0,0,0,0,0,0,0,0,5
"26",1,0,1,0,0,0,1,1,1,0,0,0,0,5
"27",0,0,0,0,0,0,0,0,0,0,0,0,0,6
"28",0,0,0,0,0,0,0,0,0,0,0,0,1,9
"29",1,1,1,0,0,0,0,0,0,0,0,0,1,4
"30",0,0,0,0,0,0,0,0,0,0,0,0,0,5
"31",0,0,0,0,0,0,0,0,0,0,0,0,0,4
"32",0,0,0,0,0,0,0,0,0,0,0,0,0,4
"33",0,0,0,0,0,0,0,0,0,0,0,0,0,2
"34",1,0,1,0,0,0,1,1,0,0,0,0,1,5
"35",1,0,0,1,1,1,1,1,1,1,1,1,1,6
"36",0,0,0,0,0,0,0,0,0,0,0,0,1,4
"37",1,0,0,0,0,0,0,0,0,0,0,0,0,2
"38",1,0,0,0,0,0,0,0,0,0,0,0,1,4
"39",1,1,1,1,1,1,1,1,1,1,1,1,1,5
"40",0,0,0,0,0,0,0,0,0,0,0,0,1,6
"41",1,0,1,1,0,0,1,0,0,0,0,0,1,5
"42",0,0,0,0,0,0,0,0,0,0,0,0,0,5
"43",0,0,0,0,0,0,0,0,0,0,0,0,0,4
"44",1,1,0,1,1,1,1,1,1,1,0,0,1,2
"45",0,0,0,0,0,0,0,0,0,0,0,0,0,7
"46",0,0,0,0,0,0,0,0,0,0,0,0,0,4
"47",1,0,1,1,1,0,1,1,1,1,1,1,0,6
"48",1,0,1,0,0,0,1,1,1,0,0,0,0,5
"49",0,0,0,0,0,0,0,0,0,0,0,0,0,3
"50",0,0,0,0,0,0,0,0,0,0,0,0,0,5
"51",0,0,0,0,0,0,0,0,0,0,0,0,1,5
"52",1,0,1,0,0,0,0,0,0,0,0,0,1,4
"53",1,0,0,0,0,0,1,1,0,0,0,0,1,5
"54",0,0,0,0,0,0,0,0,0,0,0,0,0,3
"55",1,0,0,0,0,0,1,0,0,0,0,0,0,2
"56",0,0,0,0,0,0,0,0,0,0,0,0,0,5
"57",0,1,0,0,0,0,0,0,0,0,0,0,0,3
"58",0,0,0,0,0,0,0,0,0,0,0,0,1,7
"59",1,1,1,0,1,1,1,0,0,0,0,0,1,5
"60",1,0,0,0,0,0,1,0,0,0,0,0,0,6
"61",1,1,1,1,1,1,0,0,0,0,0,0,0,3
"62",0,0,0,0,1,0,0,0,0,0,0,0,0,5
"63",1,1,1,1,0,0,1,1,0,0,0,0,1,2
"64",0,0,0,0,0,0,0,0,0,0,0,0,0,8
"65",1,0,0,0,0,0,1,0,0,0,0,0,0,3
"66",0,0,0,0,0,0,0,0,0,0,0,0,0,6
"67",1,0,0,0,0,1,1,0,0,0,0,0,0,6
"68",0,0,0,0,0,0,0,0,0,0,0,0,0,5
"69",0,0,0,0,0,0,0,0,0,0,0,0,1,3
"70",0,0,0,0,0,0,0,0,0,0,0,0,0,3
"71",1,1,1,1,0,0,1,0,0,0,0,0,0,4
"72",0,0,0,0,0,0,0,0,0,0,0,0,0,3
"73",1,0,0,0,0,0,0,0,0,0,0,0,0,4
"74",0,0,0,0,0,0,0,0,0,0,0,0,0,4
"75",0,0,0,0,0,0,0,0,0,0,0,0,0,3
"76",0,0,0,0,0,0,0,0,0,0,0,0,0,5
"77",0,0,0,0,0,0,0,0,0,0,0,0,0,3
"78",0,0,0,0,0,0,0,0,0,0,0,0,0,3
"79",1,0,0,0,0,0,0,0,0,0,0,0,0,3
"80",0,0,0,0,0,0,0,0,0,0,0,0,0,4
"81",0,0,0,0,0,0,0,0,0,0,0,0,1,4
"82",1,0,1,1,1,1,1,0,0,0,0,0,1,3
"83",0,0,0,0,0,0,0,0,0,0,0,0,0,4
"84",0,0,0,0,0,0,0,0,0,0,0,0,0,7
"85",0,0,0,0,0,0,0,0,0,0,0,0,0,3
"86",0,0,0,0,0,0,0,0,0,0,0,0,0,5
"87",0,0,0,0,0,0,0,0,0,0,0,0,0,8
"88",0,0,0,0,0,0,0,0,0,0,0,0,0,4
"89",1,1,0,0,0,0,1,1,0,0,0,0,0,5
"90",0,0,0,0,0,0,0,0,0,0,0,0,0,4
"91",0,0,0,0,0,0,0,0,0,0,0,0,1,4
"92",0,0,0,0,0,0,0,0,0,0,0,0,0,3
"93",1,1,1,1,1,1,1,1,1,1,1,1,0,3
"94",0,0,0,0,0,0,0,0,0,0,0,0,0,3
"95",0,0,0,0,0,0,0,0,0,0,0,0,0,3
"96",0,0,0,0,0,0,0,0,0,0,0,0,0,5
"97",0,0,0,0,0,0,0,0,0,0,0,0,1,4
"98",0,0,0,0,0,0,0,0,0,0,0,0,0,4
"99",0,0,0,0,0,0,0,0,0,0,0,0,0,4
"100",0,0,0,0,0,0,0,0,0,0,0,0,0,3
"101",0,0,0,0,0,0,0,0,0,0,0,0,0,4
"102",0,0,0,0,0,0,0,0,0,0,0,0,0,3
"103",0,1,0,0,0,0,0,0,0,0,0,0,1,4
"104",0,0,1,0,0,0,0,1,1,0,0,0,1,5
"105",0,0,0,0,0,0,0,0,0,0,0,0,0,4
"106",0,0,0,0,0,0,0,0,0,0,0,0,0,5
"107",0,0,0,0,0,0,0,0,0,0,0,0,0,4
"108",0,0,0,0,0,0,0,0,0,0,0,0,0,11
"109",0,0,0,0,0,0,0,0,0,0,0,0,0,3
"110",1,0,0,1,0,1,0,0,0,0,0,0,0,5
"111",0,0,0,0,0,0,0,0,0,0,0,0,0,5
"112",0,0,0,0,0,0,0,0,0,0,0,0,0,2
"113",1,0,1,0,0,0,1,0,0,0,0,0,1,4
"114",0,0,0,0,0,0,0,0,0,0,0,0,0,4
"115",0,0,0,0,0,0,0,0,0,0,0,0,0,6
"116",1,0,1,0,0,0,0,0,0,0,0,0,0,4
"117",0,0,0,0,0,0,0,0,0,0,0,0,0,5
"118",1,0,0,0,0,0,0,0,0,0,0,0,0,3
"119",1,0,0,0,0,0,1,0,0,0,0,0,0,7
"120",1,0,1,0,0,0,0,0,0,0,0,0,0,2
"121",0,0,0,0,0,0,0,0,0,0,0,0,1,5
"122",1,0,0,0,0,0,0,0,0,0,0,0,0,4
"123",0,0,0,0,0,0,0,0,0,0,0,0,0,4
"124",0,0,0,0,0,0,0,0,0,0,0,0,0,3
"125",0,0,1,0,0,0,0,0,0,0,0,0,0,4
"126",0,0,0,0,0,0,0,0,0,0,0,0,1,8
"127",0,0,0,0,0,0,0,0,0,0,0,0,1,4
"128",0,0,0,0,0,0,0,0,0,0,0,0,1,3
"129",0,0,0,0,0,0,0,0,0,0,0,0,1,5
"130",1,1,1,1,1,1,1,1,1,1,1,1,1,7
"131",1,0,0,0,0,0,0,0,0,0,0,0,0,3
"132",0,0,0,0,0,0,0,0,0,0,0,0,0,5
"133",0,0,0,0,0,0,0,0,0,0,0,0,0,4
"134",1,0,0,0,0,0,1,0,0,0,0,0,1,7
"135",1,1,1,1,1,0,1,1,1,0,1,0,0,5
"136",1,0,0,0,0,0,0,0,0,0,0,0,0,3
"137",0,0,0,0,0,0,1,0,0,0,0,0,0,3
"138",0,0,0,0,0,0,0,0,0,0,0,0,0,6
"139",0,0,0,0,0,0,0,0,0,0,0,0,0,4
"140",1,0,1,1,1,1,0,1,1,0,1,1,0,5
"141",1,1,1,1,0,1,0,1,1,0,1,1,1,6
"142",0,0,0,0,0,0,0,0,0,0,0,0,1,8
"143",1,0,1,0,0,0,1,1,0,0,0,0,0,9
"144",1,0,1,0,0,0,1,1,1,1,1,0,0,7
"145",0,0,0,0,0,0,0,0,0,0,0,0,0,6
"146",0,0,0,0,0,0,0,0,0,0,0,0,0,5
"147",0,0,0,0,0,0,0,0,0,0,0,0,1,5
"148",0,0,0,0,0,0,0,0,0,0,0,0,1,6
"149",1,1,1,1,1,0,1,1,1,1,1,0,1,6
"150",0,0,0,0,0,0,0,0,0,0,0,0,1,3
"151",1,0,1,0,0,0,0,1,0,0,0,0,0,5
"152",0,0,0,0,0,0,0,0,0,0,0,0,0,4
"153",0,0,0,0,0,0,0,0,0,0,0,0,0,4
"154",0,0,0,0,0,0,0,0,0,0,0,0,0,4
"155",0,0,0,0,0,0,0,0,0,0,0,0,0,4
"156",1,0,1,1,0,0,1,1,1,1,0,0,1,5
"157",1,0,1,0,1,0,1,1,1,1,1,0,1,4
"158",1,1,1,1,1,1,1,0,0,0,0,0,0,4
"159",1,0,0,0,0,0,1,0,0,0,0,0,0,4
"160",0,0,0,0,0,0,0,0,0,0,0,0,0,5
"161",0,0,0,0,0,0,0,0,0,0,0,0,0,4
"162",0,0,0,0,0,0,0,0,0,0,0,0,0,5
"163",0,0,0,0,0,0,0,0,0,0,0,0,0,6
"164",0,0,0,0,0,0,0,0,0,0,0,0,0,3
"165",0,0,0,0,0,0,0,0,0,0,0,0,0,7
"166",1,1,1,0,1,0,1,1,1,0,0,0,0,4
"167",0,0,0,0,0,0,0,0,0,0,0,0,0,3
"168",1,1,1,0,0,0,0,0,0,0,0,0,0,6
"169",0,0,0,0,0,0,0,0,0,0,0,0,0,3
"170",0,0,0,0,0,0,0,0,0,0,0,0,0,4
"171",1,1,1,1,0,0,0,0,0,0,0,0,1,6
"172",1,1,1,0,1,1,0,0,0,0,0,0,1,5
"173",1,1,1,1,1,0,1,1,1,1,0,0,0,4
"174",0,0,0,0,0,0,0,0,0,0,0,0,0,4
"175",0,0,0,0,0,0,0,0,0,0,0,0,0,3
"176",0,0,0,0,0,0,0,0,0,0,0,0,0,3
"177",0,0,0,0,0,0,0,0,0,0,0,0,0,5
"178",0,0,0,0,0,0,0,0,0,0,0,0,0,3
"179",0,0,0,0,0,0,0,0,0,0,0,0,0,4
"180",0,0,0,0,0,0,0,0,0,0,0,0,0,4
"181",0,0,0,0,0,0,0,0,0,0,0,0,0,3
"182",0,0,0,0,0,0,0,0,0,0,0,0,0,4
"183",0,0,0,0,0,0,0,0,0,0,0,0,0,4
"184",1,1,1,0,1,0,1,0,0,0,0,0,0,3
"185",1,0,0,0,0,0,0,0,0,0,0,0,0,10
"186",0,0,0,0,0,0,0,0,0,0,0,0,0,4
"187",0,0,0,0,0,0,0,0,0,0,0,0,0,5
"188",1,1,1,0,1,0,1,1,1,0,0,0,1,6
"189",0,0,0,0,0,0,0,0,0,0,0,0,1,4
"190",0,0,0,0,0,0,0,0,0,0,0,0,0,3
"191",1,1,1,0,1,0,1,1,1,0,1,0,0,8
"192",1,0,1,0,0,0,1,0,1,0,0,0,1,5
"193",1,0,0,0,0,0,1,1,0,0,0,0,0,4
"194",1,0,1,1,1,0,0,0,0,0,0,0,1,6
"195",0,0,0,0,0,0,0,0,0,0,0,0,0,5
"196",0,0,0,0,0,0,0,0,0,0,0,0,0,9
"197",0,0,0,0,0,0,0,0,0,0,0,0,0,6
"198",0,0,0,0,0,0,0,0,0,0,0,0,0,6
"199",0,0,0,0,0,0,0,0,0,0,0,0,0,4
"200",0,0,0,0,0,0,0,0,0,0,0,0,0,4
"201",0,0,0,0,0,0,0,0,0,0,0,0,0,5
"202",1,1,1,0,1,1,1,1,1,1,0,0,0,3
"203",0,0,0,0,0,0,0,0,0,0,0,0,0,3
"204",1,1,0,0,0,0,0,0,0,0,0,0,0,5
"205",1,0,0,0,0,0,0,0,0,0,0,0,0,3
"206",0,0,0,0,0,0,0,0,0,0,0,0,0,7
"207",0,0,0,0,0,0,0,0,0,0,0,0,0,6
"208",1,1,1,0,0,0,1,0,0,0,1,0,0,5
"209",1,1,0,0,0,0,1,1,0,0,0,0,1,9
"210",1,0,0,0,0,0,1,1,0,0,0,0,0,7
"211",1,1,1,0,0,0,0,0,0,0,0,0,0,5
"212",1,1,1,1,1,0,1,1,1,1,1,0,0,3
"213",0,0,0,0,0,1,0,1,1,0,0,0,1,7
"214",0,0,0,0,0,0,0,0,0,0,0,0,1,5
"215",0,1,1,0,1,1,1,1,0,1,0,0,0,5
"216",1,1,1,0,0,1,1,0,1,1,0,0,1,5
"217",0,0,0,0,0,0,0,0,0,0,0,0,0,3
"218",0,0,0,0,0,0,0,0,0,0,0,0,0,4
"219",1,0,0,0,0,0,0,0,0,0,0,0,0,6
"220",0,0,0,0,0,0,0,0,0,0,0,0,0,5
"221",0,0,0,0,1,0,0,0,0,0,0,0,1,6
"222",1,1,0,0,0,0,0,0,0,0,0,0,0,4
"223",1,1,1,1,1,0,1,1,1,1,1,1,0,8
"224",1,1,1,0,1,0,0,0,0,0,0,0,0,3
"225",0,0,0,0,0,0,0,0,0,0,0,0,0,4
"226",0,0,0,0,0,0,0,0,0,0,0,0,0,7
"227",0,0,0,0,0,0,0,0,0,0,0,0,1,5
"228",1,1,1,0,1,1,1,1,1,0,1,0,1,7
"229",1,0,1,0,0,0,1,1,1,0,0,0,0,6
"230",1,1,1,1,1,1,1,1,1,1,1,1,0,4
"231",1,1,1,0,0,0,1,0,0,0,0,0,0,8
"232",0,0,0,0,0,0,0,0,0,0,0,0,0,2
"233",0,0,0,0,0,0,0,0,0,0,0,0,0,5
"234",0,0,0,0,0,0,0,0,0,0,0,0,0,4
"235",0,0,0,0,0,0,0,0,0,0,0,0,0,4
"236",1,0,0,0,0,0,0,0,0,0,0,0,1,5
"237",0,0,0,0,0,0,0,0,0,0,0,0,0,4
"238",0,0,1,0,0,0,0,0,0,0,0,0,0,3
"239",0,0,0,0,0,0,0,0,0,0,0,0,0,13
"240",0,0,0,0,0,0,0,0,0,0,0,0,0,6
"241",0,0,0,0,0,0,0,0,0,0,0,0,0,4
"242",0,0,0,0,0,0,0,0,0,0,0,0,1,11
"243",1,0,1,0,0,0,0,0,0,0,0,0,0,3
"244",0,0,0,0,0,0,0,0,0,0,0,0,0,4
"245",0,0,0,0,0,0,0,0,0,0,0,0,0,7
"246",0,0,0,0,0,0,0,0,0,0,0,0,0,4
"247",1,0,1,0,1,1,1,1,1,0,0,0,0,5
"248",1,1,1,1,1,1,1,1,1,1,1,1,1,6
"249",0,0,0,0,0,0,0,0,0,0,0,0,0,3
"250",1,1,1,0,1,1,1,1,1,1,0,0,1,5
"251",0,0,0,0,0,0,0,0,0,0,0,0,0,4
"252",0,0,0,0,0,0,0,0,0,0,0,0,1,2
"253",0,0,0,0,0,0,0,0,0,0,0,0,0,3
"254",1,0,1,0,0,0,1,0,0,0,0,0,0,5
"255",0,0,0,0,0,0,0,0,0,0,0,0,0,3
"256",1,1,1,1,1,0,1,1,1,0,0,0,1,3
"257",0,0,0,0,0,0,0,0,0,0,0,0,0,4
"258",0,0,0,0,0,0,0,0,0,0,0,0,0,5
"259",0,0,0,0,0,0,0,0,0,0,0,0,0,6
"260",0,0,0,0,0,0,0,0,0,0,0,0,0,3
"261",1,0,0,0,0,0,1,0,0,0,0,0,0,5
"262",0,0,0,0,0,0,0,0,0,0,0,0,0,7
"263",0,0,0,0,0,0,0,0,0,0,0,0,0,4
"264",1,1,1,1,0,0,0,0,0,0,0,0,1,6
"265",0,0,0,0,0,0,0,0,0,0,0,0,0,3
"266",0,0,0,0,0,0,0,0,0,0,0,0,0,4
"267",0,0,0,0,0,0,0,0,0,0,0,0,1,7
"268",0,0,0,0,0,0,0,0,0,0,0,0,0,5
"269",1,0,0,0,0,0,1,0,0,0,0,0,0,4
"270",0,0,0,0,0,0,0,0,0,0,0,0,0,4
"271",0,0,0,0,0,0,0,0,0,0,0,0,0,3
"272",1,0,0,0,0,0,0,0,0,0,0,0,0,3
"273",0,0,0,0,0,0,0,0,0,0,0,0,0,6
"274",0,0,0,0,0,0,0,0,0,0,0,0,0,7
"275",1,0,0,0,0,0,0,0,0,0,0,0,1,4
"276",1,0,0,0,0,0,0,0,0,0,0,0,0,4
"277",1,0,0,1,0,0,0,1,1,1,0,0,1,4
"278",1,1,1,0,1,1,1,1,1,0,0,0,1,8
"279",0,0,0,0,0,0,1,1,0,0,0,0,0,4
"280",0,0,0,0,0,0,0,0,0,0,0,0,0,3
"281",0,0,0,0,0,0,0,0,0,0,0,0,0,5
"282",1,0,1,0,0,0,1,0,1,0,0,0,0,10
"283",1,0,1,1,0,0,1,0,0,0,0,0,1,5
"284",0,0,0,0,0,0,0,0,0,0,0,0,0,4
"285",1,0,0,0,0,0,1,0,0,0,0,0,0,4
"286",0,0,0,0,0,0,0,0,0,0,0,0,0,4
"287",0,0,0,0,0,0,0,0,0,0,0,0,0,8
"288",0,0,0,0,0,0,0,0,0,0,0,0,0,4
"289",0,0,0,0,0,0,0,0,0,0,0,0,0,6
"290",0,0,0,0,0,0,0,0,0,0,0,0,0,5
"291",1,0,0,0,0,0,1,0,1,0,0,0,1,9
"292",0,0,0,0,0,0,0,0,0,0,0,0,0,4
"293",0,0,0,0,0,0,0,0,0,0,0,0,0,4
"294",0,0,0,0,0,0,0,0,0,0,0,0,0,4
"295",0,0,0,0,0,0,0,0,0,0,0,0,0,4
"296",0,0,0,0,0,0,0,0,0,0,0,0,0,3
"297",0,0,0,0,0,0,0,0,0,0,0,0,0,6
"298",0,0,0,0,0,0,0,0,0,0,0,0,0,5
"299",1,0,0,1,0,0,1,0,1,0,0,0,0,4
"300",1,1,1,0,0,0,0,0,0,0,0,0,0,4
"301",1,0,1,0,0,1,0,0,0,0,0,0,1,6
"302",0,0,0,0,0,0,0,0,0,0,0,0,0,7
"303",0,0,0,0,0,0,0,0,0,0,0,0,0,5
"304",0,0,0,0,0,0,0,0,0,0,0,0,0,6
"305",0,0,0,0,0,0,0,0,0,0,0,0,0,3
"306",0,0,0,0,0,0,0,0,0,0,0,0,0,4
"307",0,0,0,0,0,0,0,0,0,0,0,0,0,4
"308",0,0,0,0,0,0,0,0,0,0,0,0,0,4
"309",0,0,0,0,0,0,0,0,0,0,0,0,0,4
"310",0,0,0,0,0,0,0,0,0,0,0,0,0,9
"311",0,0,0,0,0,0,0,0,0,0,0,0,1,8
"312",0,0,0,0,0,0,0,0,0,0,0,0,1,7
"313",1,0,1,1,1,0,1,1,1,0,1,0,1,8
"314",0,0,0,0,0,0,0,0,0,0,0,0,1,3
"315",0,0,0,0,0,0,0,0,0,0,0,0,0,4
"316",0,0,0,0,0,0,0,0,0,0,0,0,0,4
"317",0,0,0,0,0,0,0,0,0,0,0,0,1,2
"318",0,0,0,0,0,0,0,0,0,0,0,0,0,5
"319",0,0,0,0,0,0,0,0,0,0,0,0,0,3
"320",0,0,1,0,0,0,0,0,0,0,0,0,0,5
"321",1,1,1,1,1,1,1,1,1,1,1,1,1,11
"322",0,0,0,0,0,0,0,0,0,0,0,0,0,4
"323",0,0,0,0,0,0,0,0,0,0,0,0,0,3
"324",1,0,0,0,0,0,0,0,0,0,0,0,0,6
"325",0,0,0,0,0,0,0,0,0,0,0,0,1,8
"326",0,0,0,0,0,0,0,0,0,0,0,0,0,8
"327",1,1,1,1,0,0,0,0,0,0,0,0,1,5
"328",0,0,0,0,0,0,0,0,0,0,0,0,0,6
"329",1,1,1,1,1,1,1,1,1,1,1,1,1,12
"330",0,0,0,0,0,0,0,0,0,0,0,0,0,3
"331",0,0,0,0,0,0,0,0,0,0,0,0,0,4
"332",1,0,0,0,0,0,0,0,0,0,0,0,0,9
"333",1,1,1,0,1,0,1,1,1,0,0,0,1,4
"334",0,0,0,0,0,0,0,0,0,0,0,0,0,5
"335",1,0,1,0,0,0,1,0,1,0,0,0,1,5
"336",0,0,0,0,0,0,0,0,0,0,0,0,0,4
"337",1,0,0,0,0,0,1,0,0,0,0,0,1,4
"338",0,0,0,0,0,0,0,0,0,0,0,0,0,5
"339",0,0,0,0,0,0,0,0,0,0,0,0,0,4
"340",1,0,0,0,0,0,0,0,0,0,0,0,0,3
"341",0,0,0,0,0,0,0,0,0,0,0,0,1,4
"342",1,1,1,1,1,1,0,0,0,0,0,0,1,5
"343",0,0,0,0,0,0,0,0,0,0,0,0,0,3
"344",0,0,0,0,0,0,0,0,0,0,0,0,1,5
"345",0,0,0,0,0,0,0,0,0,0,0,0,0,4
"346",0,0,0,0,0,0,0,0,0,0,0,0,0,5
"347",0,0,0,0,0,0,0,0,0,0,0,0,1,8
"348",1,0,0,1,0,1,0,0,0,0,0,0,1,4
"349",0,0,0,0,0,0,0,0,0,0,0,0,0,6
"350",1,1,1,1,1,1,1,1,1,1,1,1,1,3
"351",0,0,1,0,0,0,0,0,0,0,0,0,1,5
"352",0,0,0,0,0,0,0,0,0,0,0,0,0,2
"353",0,0,0,0,0,0,0,0,0,0,0,0,0,6
"354",1,1,1,1,1,1,1,1,1,1,1,1,1,7
"355",1,0,1,0,0,0,1,0,0,0,0,0,0,5
"356",0,0,1,0,0,1,0,0,0,0,0,0,0,5
"357",1,0,0,0,0,0,1,0,0,0,0,0,0,3
"358",1,0,1,0,0,1,0,0,0,0,0,0,0,5
"359",0,0,0,0,0,0,0,0,0,0,0,0,1,4
"360",0,0,0,0,0,0,0,0,0,0,0,0,0,4
"361",1,0,0,0,0,0,0,0,0,0,0,0,0,4
"362",1,0,1,1,1,1,1,1,1,1,0,1,0,3
"363",0,0,0,0,0,0,0,0,0,0,0,0,0,4
"364",0,0,0,0,0,0,0,0,0,0,0,0,0,6
"365",0,0,0,0,0,0,0,0,0,0,0,0,0,4
"366",0,0,0,0,0,0,0,0,0,0,0,0,0,8
"367",0,0,0,0,0,0,0,0,0,0,0,0,0,7
"368",0,0,1,0,0,0,0,0,0,0,0,0,0,4
"369",0,0,0,0,0,0,0,0,0,0,0,0,0,3
"370",0,0,0,0,0,0,0,0,0,0,0,0,0,5
"371",0,0,0,0,0,0,0,0,0,0,0,0,0,4
"372",0,0,0,0,0,0,0,0,0,0,0,0,1,5
"373",1,0,0,0,0,0,0,0,0,0,0,0,0,7
"374",0,0,0,0,0,0,0,0,0,0,0,0,0,3
"375",0,0,0,0,0,0,0,1,1,0,0,0,0,9
"376",1,1,1,0,1,1,0,0,0,0,0,0,1,5
"377",1,1,0,0,0,0,1,0,0,0,0,0,0,4
"378",1,1,1,1,1,1,1,1,1,1,1,1,1,5
"379",1,0,0,1,0,0,1,0,0,0,0,0,1,5
"380",1,0,0,0,1,0,1,1,1,0,0,0,1,5
"381",1,0,1,1,1,1,1,1,1,1,1,1,0,5
"382",0,0,0,0,0,0,0,0,0,0,0,0,0,4
"383",0,0,0,0,0,0,0,0,0,0,0,0,0,3
"384",0,0,0,0,0,0,0,0,0,0,0,0,0,5
"385",1,1,1,1,1,0,1,1,1,1,0,1,0,5
"386",1,1,1,1,1,1,1,1,1,1,1,1,1,3
"387",1,0,1,1,0,0,1,1,1,0,1,0,0,7
"388",0,0,0,0,0,0,0,0,0,0,0,0,1,6
"389",0,0,0,0,0,0,0,0,0,0,0,0,0,3
"390",1,0,1,0,0,0,1,1,0,0,0,0,1,2
"391",0,0,0,0,0,0,0,0,0,0,0,0,0,4
"392",1,0,0,0,0,0,0,0,0,0,0,0,0,4
"393",1,0,1,0,0,0,1,0,0,0,0,0,0,4
"394",0,0,0,1,0,0,0,0,0,0,0,0,0,3
"395",0,0,0,0,0,0,0,0,0,0,0,0,0,3
"396",0,0,0,0,0,0,0,0,0,0,0,0,0,3
"397",0,0,0,0,0,0,0,0,0,0,0,0,0,5
"398",0,0,0,0,0,0,1,0,0,0,0,0,1,6
"399",0,0,0,1,0,0,0,0,0,0,0,0,0,4
"400",0,0,0,0,0,0,0,0,0,0,0,0,0,5
"401",0,0,0,0,0,0,0,0,0,0,0,0,0,4
"402",1,0,1,1,0,0,1,1,1,1,0,0,1,4
"403",0,0,0,0,0,0,0,0,0,0,0,0,0,5
"404",0,0,0,0,0,0,0,0,0,0,0,0,1,8
"405",1,0,1,0,0,0,0,0,0,0,0,0,0,4
"406",1,1,1,0,1,0,1,0,0,0,0,0,1,3
"407",0,0,0,0,0,0,0,0,0,0,0,0,0,7
"408",0,0,0,0,0,0,0,0,0,0,0,0,0,3
"409",0,0,0,0,0,0,0,0,0,0,0,0,0,6
"410",1,1,1,1,1,1,1,1,1,0,0,0,0,2
"411",0,0,0,0,0,0,0,0,0,0,0,0,0,5
"412",1,1,0,0,1,0,1,1,1,1,1,1,0,7
"413",0,0,0,0,0,0,0,0,0,0,0,0,0,4
"414",0,1,1,1,1,1,1,1,0,0,0,0,0,3
"415",0,0,0,0,0,0,0,0,0,0,0,0,0,4
"416",1,0,0,0,0,0,1,1,1,0,0,0,1,2
"417",0,0,0,0,0,0,0,0,0,0,0,0,0,5
"418",0,0,0,0,0,0,0,0,0,0,0,0,0,4
"419",0,0,0,0,0,0,0,0,0,0,0,0,1,4
"420",0,0,0,0,0,0,0,0,0,0,0,0,0,4
"421",0,0,0,0,0,0,0,0,0,0,0,0,1,7
"422",0,0,0,0,0,0,0,0,0,0,0,0,0,3
"423",0,0,0,0,0,0,0,0,0,0,0,0,0,6
"424",1,0,0,0,0,1,1,1,1,0,0,1,1,8
"425",0,0,0,0,0,0,0,0,0,0,0,0,0,4
"426",0,0,0,0,0,0,0,0,0,0,0,0,0,5
"427",1,1,1,1,1,1,1,1,1,1,1,1,0,5
"428",1,0,1,0,0,0,0,0,1,0,1,0,1,5
"429",0,0,0,0,0,0,0,0,0,0,0,0,0,4
"430",1,0,0,0,0,0,0,0,0,0,0,0,1,6
"431",0,0,1,0,0,0,0,0,1,0,0,0,0,6
"432",1,1,1,1,1,0,1,0,0,0,0,0,0,4
"433",1,1,1,0,1,1,1,1,1,0,0,0,0,5
"434",0,0,0,0,0,0,0,0,0,0,0,0,1,3
"435",0,0,0,0,0,0,0,0,0,0,0,0,0,7
"436",0,0,0,0,0,0,1,0,0,0,0,0,0,5
"437",0,1,1,1,0,1,0,0,0,0,0,0,0,7
"438",0,0,0,0,0,0,0,0,0,0,0,0,0,4
"439",1,1,1,1,1,1,1,1,1,1,1,1,1,5
"440",0,1,1,0,0,1,1,1,0,0,0,0,0,5
"441",0,0,0,0,0,0,0,0,0,0,0,0,0,4
"442",0,0,0,0,0,0,0,0,0,0,0,0,1,8
"443",1,1,1,1,0,0,1,0,0,0,0,0,1,5
"444",1,0,1,0,0,0,0,0,0,0,0,0,0,3
"445",0,0,0,0,0,0,0,0,0,0,0,0,0,4
"446",0,0,0,0,0,0,0,0,0,0,0,0,1,4
"447",1,0,1,1,1,1,1,1,1,1,1,1,1,6
"448",0,0,0,0,0,0,0,0,0,0,0,0,0,4
"449",1,1,1,0,1,1,0,0,0,0,0,0,0,10
"450",0,0,0,0,0,0,0,0,0,0,0,0,0,4
"451",1,1,1,1,1,1,1,1,1,1,1,1,0,3
"452",0,0,0,0,0,0,0,0,0,0,0,0,1,5
"453",0,0,0,0,0,0,0,0,0,0,0,0,0,4
"454",0,0,0,0,0,0,0,0,0,0,0,0,1,4
"455",1,0,0,0,0,0,0,0,0,0,0,0,1,5
"456",0,0,0,0,0,0,0,0,0,0,0,0,0,5
"457",0,0,0,0,0,0,0,0,0,0,0,0,0,5
"458",1,1,0,0,1,0,1,1,0,0,0,0,0,9
"459",1,1,1,1,1,1,0,1,1,0,0,1,0,4
"460",1,0,0,0,0,0,1,1,0,0,0,0,0,4
"461",1,1,1,0,0,0,1,0,0,0,0,0,1,6
"462",0,0,0,0,0,0,0,0,0,0,0,0,0,4
"463",0,0,0,0,0,0,0,0,0,0,0,0,0,3
"464",0,0,0,0,0,0,0,0,0,0,0,0,0,5
"465",1,0,0,0,0,0,1,0,0,0,0,0,0,6
"466",0,0,0,0,0,0,0,0,0,0,0,0,0,7
"467",1,1,1,1,1,1,1,1,1,1,1,0,1,5
"468",0,0,0,0,0,0,0,0,0,0,0,0,0,4
"469",0,0,0,0,0,0,0,0,0,0,0,0,0,4
"470",1,0,0,0,0,0,1,0,0,1,0,0,1,4
"471",0,0,0,0,0,0,0,0,0,0,0,0,0,4
"472",0,0,0,0,0,0,0,0,0,0,0,0,0,7
"473",0,0,0,0,0,0,0,0,0,0,0,0,0,5
"474",0,0,0,0,0,0,0,0,0,0,0,0,0,3
"475",0,0,0,0,0,0,0,0,0,0,0,0,0,5
"476",0,0,0,0,0,0,0,0,0,0,0,0,0,6
"477",0,0,0,0,0,0,0,0,0,0,0,0,0,5
"478",0,0,0,0,0,0,0,0,0,0,0,0,1,3
"479",0,0,0,0,0,0,0,0,0,0,0,0,0,5
"480",1,1,1,1,1,1,0,0,0,0,0,0,0,3
"481",0,0,0,0,0,0,0,0,0,0,0,0,0,3
"482",0,0,0,0,0,0,0,0,0,0,0,0,0,3
"483",0,0,0,0,0,0,0,0,0,0,0,0,0,4
"484",0,0,0,0,0,0,0,0,0,0,0,0,0,5
"485",0,0,0,1,0,0,0,0,0,0,0,0,0,3
"486",0,0,0,0,0,0,0,0,0,0,0,0,0,5
"487",0,0,0,0,0,0,0,0,0,0,0,0,0,3
"488",0,0,0,0,0,0,0,0,0,0,0,0,0,5
"489",1,0,1,0,0,0,0,0,0,0,0,0,0,4
"490",0,0,0,0,0,0,0,0,0,0,0,0,0,6
"491",1,1,1,1,1,0,1,1,1,1,1,0,0,5
"492",0,0,0,0,0,0,0,0,0,0,0,0,0,2
"493",1,0,1,0,0,0,0,0,0,0,0,0,0,2
"494",0,0,0,1,0,0,1,1,1,0,0,0,0,4
"495",1,0,0,0,0,0,1,0,0,0,0,0,1,4
"496",1,0,0,0,0,0,1,0,0,0,0,0,0,7
"497",1,0,0,0,0,0,0,0,0,0,0,0,0,7
"498",0,0,0,0,0,0,0,0,0,0,0,0,1,4
"499",1,1,1,0,1,0,1,1,1,1,1,0,1,5
"500",1,1,1,1,1,1,1,1,1,1,1,1,1,2
"501",1,1,1,1,1,1,1,1,1,1,1,1,1,5
"502",0,1,1,1,0,0,0,0,0,0,0,0,0,7
"503",0,0,0,0,0,0,0,0,0,0,0,0,0,3
"504",0,0,0,0,0,0,0,0,0,0,0,0,0,3
"505",0,0,0,0,0,0,0,0,0,0,0,0,0,4
"506",0,0,1,0,0,0,1,0,0,0,0,0,0,9
"507",1,1,1,0,1,0,1,1,1,1,0,0,0,3
"508",0,0,0,0,0,0,0,0,0,0,0,0,0,4
"509",0,0,0,0,0,0,0,0,0,0,0,0,0,3
"510",0,0,0,0,0,0,0,0,0,0,0,0,0,5
"511",0,0,0,0,0,0,0,0,0,0,0,0,0,6
"512",0,0,0,0,0,0,0,0,0,0,0,0,0,5
"513",0,0,0,0,0,0,0,0,0,0,0,0,0,4
"514",0,0,0,0,0,0,0,0,0,0,0,0,0,3
"515",0,0,0,0,0,0,0,0,0,0,0,0,0,5
"516",1,1,1,0,1,0,1,1,1,1,1,0,0,5
"517",1,0,0,0,0,0,0,0,0,0,0,0,0,5
"518",0,0,0,0,0,0,0,0,0,0,0,0,0,7
"519",1,0,1,0,0,0,0,0,0,0,0,0,0,6
"520",0,0,0,0,0,0,0,0,0,0,0,0,0,3
"521",0,0,0,1,0,0,1,0,0,0,0,0,0,3
"522",1,0,1,1,0,0,1,1,1,0,0,0,0,6
"523",0,0,0,0,0,0,0,0,0,0,0,0,0,3
"524",1,0,1,1,0,0,1,1,1,0,0,0,1,7
"525",1,0,0,0,0,0,0,0,0,0,0,0,0,8
"526",0,0,0,0,0,0,0,0,0,0,0,0,0,3
"527",0,0,0,0,0,0,0,0,0,0,0,0,0,4
"528",1,1,1,1,0,1,1,1,1,0,0,0,1,4
"529",1,0,0,0,0,0,1,0,0,0,0,0,1,4
"530",0,0,0,0,0,0,0,0,0,0,0,0,0,3
"531",0,0,0,0,0,0,0,0,0,0,0,0,0,7
"532",1,0,0,0,0,0,1,1,1,0,1,1,0,4
"533",1,0,0,0,0,0,0,0,0,0,0,0,0,3
"534",0,0,0,0,0,0,0,0,1,0,0,0,0,6
"535",0,0,0,0,0,0,0,0,0,0,0,0,0,4
"536",0,0,1,1,0,0,0,0,0,0,0,0,0,5
"537",0,0,0,0,0,0,0,0,0,0,0,0,0,4
"538",1,1,1,1,0,0,1,1,0,0,1,0,0,7
"539",1,0,1,1,1,0,1,1,1,0,0,0,1,5
"540",0,0,0,0,0,0,0,0,0,0,0,0,0,3
"541",0,0,0,0,0,0,0,0,0,0,0,0,1,7
"542",1,1,1,0,1,1,1,0,0,0,0,0,0,3
"543",0,0,0,0,0,0,0,0,0,0,0,0,0,5
"544",1,1,1,1,1,1,1,1,1,1,1,1,1,20
"545",0,0,0,0,0,0,0,0,0,0,0,0,0,4
"546",0,0,0,0,0,0,0,0,0,0,0,0,0,11
"547",1,1,1,1,1,1,1,1,1,1,1,1,1,4
"548",0,0,0,0,0,0,0,0,0,0,0,0,0,3
"549",0,0,0,0,0,0,0,0,0,0,0,0,0,3
"550",1,0,0,0,0,0,0,0,0,0,0,0,0,12
"551",1,1,0,0,0,1,1,0,1,0,0,0,1,6
"552",0,0,0,0,0,0,0,0,0,0,0,0,0,5
"553",0,0,0,0,0,0,0,0,0,0,0,0,0,4
"554",0,0,0,0,0,0,1,0,0,0,0,0,0,6
"555",0,0,0,0,0,0,0,0,0,0,0,0,0,4
"556",0,0,0,0,0,0,0,0,0,0,0,0,0,4
"557",1,0,0,0,0,0,1,0,0,0,0,0,0,5
"558",0,0,0,0,0,0,0,0,0,0,0,0,0,3
"559",0,0,1,0,0,0,1,1,0,0,1,0,0,2
"560",1,1,1,1,1,1,0,0,0,0,0,0,0,5
"561",0,0,0,0,0,0,0,0,0,0,0,0,0,4
"562",0,0,0,0,0,0,0,0,0,0,0,0,0,3
"563",0,0,0,0,0,0,0,0,0,0,0,0,1,9
"564",0,0,0,0,0,0,0,0,0,0,0,0,1,4
"565",0,0,0,0,0,0,0,0,0,0,0,0,0,4
"566",1,1,1,0,1,0,1,1,1,0,0,0,0,6
"567",0,0,0,0,0,0,0,0,0,0,0,0,0,5
"568",1,0,0,0,1,0,0,0,0,0,0,0,0,4
"569",0,0,0,0,0,0,1,1,1,0,0,0,0,4
"570",0,0,0,0,0,0,0,0,0,0,0,0,0,3
"571",0,0,0,0,0,0,0,0,0,0,0,0,0,8
"572",0,0,0,0,0,0,0,0,0,0,0,0,0,3
"573",0,0,0,0,0,0,0,0,0,0,0,0,0,6
"574",0,0,0,0,0,0,0,0,0,0,0,0,0,4
"575",1,0,0,0,0,0,0,0,0,0,0,0,0,11
"576",0,0,0,0,0,0,0,0,0,0,0,0,0,3
"577",1,0,1,0,0,0,1,1,1,0,0,0,0,8
"578",0,1,1,1,1,0,0,0,0,0,0,0,0,4
"579",0,0,0,0,0,0,0,0,0,0,0,0,0,4
"580",0,0,0,0,0,0,0,0,0,0,0,0,0,5
"581",0,0,0,0,0,0,0,0,0,0,0,0,0,4
"582",1,1,1,1,0,0,1,1,0,0,0,0,0,4
"583",0,0,0,0,0,0,0,0,0,0,0,0,0,5
"584",1,0,0,1,1,1,1,1,0,0,0,0,1,9
"585",0,0,0,0,0,0,0,0,0,0,0,0,0,4
"586",1,0,0,0,0,1,0,0,0,1,1,0,0,5
"587",1,0,0,0,0,0,0,0,0,0,0,0,0,8
"588",0,0,0,0,0,0,0,0,0,0,0,0,0,6
"589",1,0,1,0,0,0,1,1,0,0,0,1,0,5
"590",0,0,0,0,0,0,0,0,0,0,0,0,0,3
"591",0,0,1,1,1,0,1,1,1,1,1,0,0,5
"592",1,0,0,0,0,0,1,0,0,0,0,0,0,5
"593",1,0,1,0,0,0,1,1,1,0,0,0,0,4
"594",0,0,1,0,0,0,0,0,0,0,0,0,1,5
"595",0,0,0,0,0,0,0,0,0,0,0,0,0,4
"596",1,1,1,0,1,0,0,0,0,0,0,0,0,5
"597",1,1,1,1,1,1,1,1,1,1,1,1,1,5
"598",0,0,0,0,0,0,0,0,0,0,0,0,0,3
"599",1,1,1,1,1,1,1,1,1,1,1,1,1,5
"600",1,1,1,1,1,1,1,1,1,1,1,1,1,5
"601",1,1,1,0,1,0,1,1,1,0,0,0,0,4
"602",0,0,0,0,0,0,1,0,0,1,0,0,1,5
"603",1,0,1,0,1,0,1,1,1,0,0,0,0,4
"604",0,0,0,0,0,0,0,0,0,0,0,0,0,4
"605",1,0,0,0,0,0,1,0,0,0,0,0,0,5
"606",1,1,0,0,1,1,0,1,0,1,1,0,0,5
"607",0,0,0,0,0,0,0,0,0,0,0,0,0,6
"608",0,0,0,0,0,0,0,0,0,0,0,0,0,4
"609",0,0,0,0,0,0,0,0,0,0,0,0,0,3
"610",0,0,0,0,0,0,0,0,0,0,0,0,0,2
"611",1,1,1,1,1,1,1,1,1,1,1,1,1,5
"612",0,0,0,0,0,0,0,0,0,0,0,0,0,5
"613",0,0,0,0,0,0,0,0,0,0,0,0,0,3
"614",0,0,0,0,0,0,0,0,0,0,0,0,0,5
"615",1,1,1,1,1,1,1,1,1,1,1,1,0,4
"616",0,0,0,0,0,0,0,0,0,0,0,0,0,4
"617",0,0,0,0,0,0,0,0,0,0,0,0,0,5
"618",0,0,0,0,0,0,0,0,0,0,0,0,0,8
"619",1,0,1,1,0,0,0,0,0,0,0,0,0,4
"620",0,0,1,1,0,0,0,0,0,0,0,0,1,5
"621",1,0,1,0,0,0,0,0,1,0,0,0,0,3
"622",1,1,1,0,1,1,0,1,1,1,1,1,0,4
"623",0,0,0,0,0,0,0,0,0,0,0,0,0,4
"624",0,0,0,0,0,0,0,0,0,0,0,0,0,5
"625",0,0,0,0,0,0,0,0,0,0,0,0,0,3
"626",1,1,1,1,1,0,1,1,1,0,1,0,1,5
"627",0,0,1,0,0,0,0,0,1,0,0,0,0,6
"628",0,0,0,0,0,0,0,0,0,0,0,0,0,2
"629",0,0,0,0,0,0,0,0,0,0,0,0,0,4
"630",1,1,1,1,1,0,0,0,0,0,1,0,1,4
"631",1,1,1,1,0,1,0,0,0,0,0,0,0,5
"632",0,0,0,0,0,0,0,0,0,0,0,0,1,4
"633",0,0,0,0,0,0,0,0,0,0,0,0,1,6
"634",0,0,0,0,0,0,0,0,0,0,0,0,0,5
"635",1,1,1,0,1,0,0,0,0,0,0,0,0,4
"636",0,0,0,0,0,0,0,0,0,0,0,0,0,3
"637",0,0,0,0,0,0,0,0,0,0,0,0,0,4
"638",0,0,0,0,0,0,0,0,0,0,0,0,0,5
"639",1,0,0,1,0,0,1,0,0,0,0,0,0,4
"640",0,0,0,0,0,0,0,0,0,0,0,0,0,4
"641",0,0,0,0,0,0,0,0,0,0,0,0,0,2
"642",0,0,0,0,0,0,0,0,0,0,0,0,0,5
"643",0,0,0,0,0,0,0,0,0,0,0,0,0,2
"644",0,0,1,0,0,0,0,0,0,0,0,0,0,4
"645",0,0,0,0,0,0,0,0,0,0,0,0,0,3
"646",0,0,0,0,1,1,1,0,0,0,0,0,1,7
"647",1,0,1,1,1,0,1,0,0,0,0,0,0,6
"648",1,0,0,0,0,0,0,0,0,0,0,0,0,5
"649",0,0,0,0,0,0,0,0,0,0,0,0,0,5
"650",0,0,0,0,0,0,0,0,0,0,0,0,0,3
"651",0,0,0,0,0,0,0,0,0,0,0,0,0,4
"652",1,1,1,1,1,1,1,1,1,0,0,0,1,4
"653",0,0,0,0,0,0,0,0,0,0,0,0,0,3
"654",1,0,0,0,0,0,0,0,0,0,0,0,1,3
"655",1,1,1,0,0,0,1,0,0,0,0,0,0,4
"656",1,0,1,0,0,1,1,1,1,0,0,0,1,8
"657",1,0,1,1,1,1,0,0,0,0,0,0,1,4
"658",1,0,1,0,0,0,1,0,0,0,0,0,0,5
"659",1,1,1,1,0,0,0,0,0,0,0,0,0,4
"660",1,0,0,0,0,1,0,0,0,0,0,0,0,4
"661",0,0,0,0,0,0,0,0,0,0,0,0,1,6
"662",1,0,1,0,0,0,1,1,0,0,0,0,0,3
"663",0,0,0,0,0,0,0,0,0,0,0,0,0,4
"664",0,0,0,0,0,0,0,0,0,0,0,0,0,5
"665",0,0,0,0,0,0,0,0,0,0,0,0,1,3
"666",0,0,0,0,0,0,0,0,0,0,0,0,0,6
"667",0,0,0,0,0,0,0,0,0,0,0,0,1,6
"668",0,0,0,0,0,0,0,0,0,0,0,0,0,3
"669",0,0,0,0,0,0,0,0,0,0,0,0,0,4
"670",0,0,0,0,0,0,0,0,0,0,0,0,0,3
"671",0,0,0,0,0,0,0,0,0,0,0,0,1,3
"672",0,0,0,0,0,0,1,0,0,0,0,0,0,4
"673",0,0,0,0,0,0,0,0,0,0,0,0,0,5
"674",0,0,0,0,0,0,0,0,0,0,0,0,0,4
"675",1,1,1,1,1,0,0,0,0,0,0,0,0,3
"676",1,1,1,1,1,1,0,0,0,1,0,0,0,6
"677",1,0,0,0,0,0,0,0,0,0,0,0,1,4
"678",0,0,0,0,0,0,0,0,0,0,0,0,1,2
"679",1,0,0,0,0,0,0,0,0,0,0,0,0,4
"680",0,0,0,0,0,0,0,0,0,0,0,0,0,3
"681",1,0,1,1,0,1,1,1,1,0,0,0,0,4
"682",0,0,0,0,0,0,0,0,0,0,0,0,0,5
"683",0,0,0,0,0,0,0,0,0,0,0,0,0,3
"684",1,0,1,0,1,1,1,1,1,0,0,0,0,5
"685",1,0,1,0,0,0,0,0,0,0,0,0,0,4
"686",0,0,0,0,0,0,0,0,0,0,0,0,0,3
"687",0,0,0,0,0,0,0,0,0,0,0,0,0,4
"688",0,0,0,0,0,0,0,0,0,0,0,0,0,4
"689",1,0,0,0,0,0,0,0,0,0,0,0,0,4
"690",0,0,0,0,0,0,0,0,0,0,0,0,1,7
"691",0,1,1,0,1,1,0,1,0,0,0,0,0,4
"692",1,0,1,0,0,0,1,1,1,1,1,0,0,6
"693",0,0,0,0,0,0,0,0,0,0,0,0,0,4
"694",0,0,0,0,0,0,0,0,0,0,0,0,0,4
"695",0,0,0,0,0,0,0,0,0,0,0,0,0,4
"696",0,0,0,0,0,0,0,0,0,0,0,0,0,5
"697",0,0,0,0,0,0,0,0,0,0,0,0,0,5
"698",1,0,0,0,0,0,0,0,0,0,0,0,0,6
"699",1,0,1,0,0,0,0,0,0,0,0,0,0,9
"700",0,0,0,0,0,0,0,0,0,0,0,0,0,4
"701",0,0,0,0,0,0,0,0,0,0,0,0,0,5
"702",0,0,0,0,0,0,0,0,0,0,0,0,0,4
"703",1,1,1,1,1,1,1,1,1,1,1,1,0,6
"704",0,0,0,0,0,0,0,0,0,0,0,0,0,5
"705",0,0,1,0,0,0,0,0,0,0,0,0,0,5
"706",0,0,0,0,0,0,0,0,0,0,0,0,0,4
"707",0,0,0,0,0,0,0,0,0,0,0,0,0,8
"708",0,0,0,0,0,0,0,0,0,0,0,0,0,5
"709",0,0,0,0,0,0,0,0,0,0,0,0,0,6
"710",1,1,1,0,0,0,1,1,0,0,1,1,0,5
"711",1,1,1,1,1,1,1,1,1,0,1,0,0,3
"712",1,1,1,1,1,1,1,1,1,1,1,1,0,6
"713",1,1,1,0,0,0,0,0,0,0,0,0,1,5
"714",1,1,1,1,1,0,0,0,0,0,0,0,0,3
"715",0,0,0,0,0,0,0,0,0,0,0,0,0,3
"716",0,0,0,0,0,0,0,0,0,0,0,0,0,5
"717",1,1,1,1,1,0,1,0,1,1,0,0,0,6
"718",0,0,0,0,0,0,0,0,0,0,0,0,0,5
"719",0,0,1,0,0,0,0,0,0,0,0,0,0,3
"720",0,0,0,0,0,0,0,0,0,0,0,0,1,4
"721",0,0,0,0,0,0,0,0,0,0,0,0,0,5
"722",1,1,1,1,1,1,1,1,1,1,1,1,0,5
"723",1,0,0,0,0,0,0,0,0,0,0,0,0,5
"724",0,0,0,0,0,0,0,0,0,0,0,0,1,3
"725",0,0,0,0,0,0,1,1,0,0,0,0,0,4
"726",0,0,0,0,0,0,0,0,0,0,0,0,0,3
"727",1,1,1,0,1,0,1,1,1,1,0,1,0,7
"728",1,0,1,0,1,0,0,0,0,0,0,0,0,6
"729",1,1,1,1,1,1,1,1,1,1,1,1,0,3
"730",1,1,1,0,0,0,1,1,1,0,0,0,0,3
"731",0,0,0,0,0,0,0,0,0,0,0,0,0,4
"732",0,0,1,0,0,0,0,0,0,0,0,0,0,3
"733",0,1,1,0,0,0,0,0,0,0,0,0,1,5
"734",1,1,1,0,1,0,0,0,0,1,1,0,0,5
"735",1,0,0,0,0,0,1,1,0,0,0,0,0,6
"736",1,1,1,0,0,0,0,0,0,0,0,0,0,8
"737",1,0,0,0,0,0,1,0,0,0,0,0,1,8
"738",0,0,0,0,0,0,0,0,0,0,0,0,0,4
"739",0,0,0,0,0,0,1,1,1,1,1,0,0,7
"740",0,0,0,0,0,0,1,0,0,0,0,0,0,3
"741",0,0,0,0,0,0,0,0,0,0,0,0,0,3
"742",0,0,0,0,0,0,1,0,0,0,0,0,0,4
"743",0,0,0,0,0,0,0,0,0,0,0,0,0,4
"744",1,1,1,1,1,1,1,1,1,1,1,1,0,4
"745",1,1,1,0,0,0,1,0,0,0,0,0,0,4
"746",1,0,0,0,0,0,1,0,0,0,0,0,0,7
"747",0,0,0,0,0,0,0,0,0,0,0,0,0,4
"748",1,1,1,0,1,0,0,0,0,0,0,0,0,3
"749",0,0,1,0,0,0,0,0,0,0,0,0,0,3
"750",0,0,0,0,0,0,0,0,0,0,0,0,1,6
"751",1,0,1,0,0,0,0,0,0,0,0,0,0,2
"752",0,0,0,0,0,0,0,0,0,0,0,0,0,5
"753",0,0,0,0,0,0,0,0,0,0,0,0,0,6
"754",0,0,0,0,0,0,0,0,0,0,0,0,0,3
"755",0,0,0,0,0,0,0,0,0,0,0,0,0,4
"756",1,0,1,0,0,0,0,0,0,0,0,0,0,4
"757",0,0,0,0,0,0,0,0,0,0,0,0,0,5
"758",0,0,0,0,0,0,0,0,0,0,0,0,0,6
"759",0,0,0,0,0,0,0,0,0,0,0,0,0,4
"760",0,0,0,0,0,0,0,0,0,0,0,0,0,3
"761",0,0,0,0,0,0,0,0,0,0,0,0,0,3
"762",1,0,1,0,0,0,1,0,0,0,0,0,0,8
"763",0,0,0,0,0,0,0,0,0,0,0,0,0,3
"764",0,1,0,0,0,0,0,0,0,0,0,0,1,5
"765",0,0,0,0,0,0,0,0,0,0,0,0,0,6
"766",0,0,0,0,0,0,0,0,0,0,0,0,0,2
"767",0,0,0,0,0,0,0,0,0,0,0,0,1,5
"768",1,1,1,1,1,1,0,0,0,0,0,0,0,3
"769",0,0,0,0,0,0,0,0,0,0,0,0,0,3
"770",0,0,0,0,0,0,0,0,0,0,0,0,0,7
"771",0,0,0,0,0,0,0,0,0,0,0,0,0,7
"772",1,1,1,1,1,1,1,1,1,0,0,0,0,3
"773",1,0,1,0,0,0,0,0,0,0,0,0,0,2
"774",0,0,0,0,0,0,0,0,0,0,0,0,0,4
"775",0,0,0,0,0,0,0,0,0,0,0,0,0,4
"776",0,0,0,0,0,0,0,0,0,0,0,0,0,3
"777",0,0,0,0,0,0,0,0,0,0,0,0,0,4
"778",0,0,0,0,0,0,0,0,0,0,0,0,0,3
"779",0,0,0,0,1,1,0,0,0,0,0,0,0,6
"780",1,0,1,0,1,0,1,1,1,1,1,1,0,5
"781",0,0,0,0,0,0,0,0,0,0,0,0,0,5
"782",0,0,0,0,0,0,0,0,0,0,0,0,0,5
"783",1,1,1,1,0,0,0,0,0,0,0,0,0,8
"784",0,0,0,0,0,0,0,0,0,0,0,0,0,6
"785",0,0,0,0,0,0,0,0,0,0,0,0,0,2
"786",0,0,0,0,0,0,0,0,0,0,0,0,1,5
"787",0,0,0,0,0,0,0,0,0,0,0,0,1,3
"788",1,1,0,0,0,0,1,1,1,1,0,0,1,6
"789",1,1,1,1,1,1,1,1,1,1,1,1,1,5
"790",0,0,0,0,0,0,0,0,0,0,0,0,0,3
"791",0,0,0,0,0,0,0,0,0,0,0,0,1,6
"792",0,0,0,0,0,0,0,0,0,0,0,0,0,5
"793",1,0,0,0,0,0,1,0,0,0,0,0,0,3
"794",0,0,0,0,0,0,0,0,0,0,0,0,0,4
"795",0,0,0,0,0,0,0,0,0,0,0,0,0,3
"796",0,0,0,0,0,0,0,0,0,0,0,0,0,4
"797",1,1,1,0,1,0,0,0,0,0,0,0,0,3
"798",1,0,0,0,1,0,1,1,1,1,0,0,0,5
"799",0,0,0,0,0,0,0,0,0,0,0,0,0,4
"800",0,0,0,0,0,0,0,0,0,0,0,0,0,5
"801",1,1,1,1,0,0,1,1,1,1,1,0,0,5
"802",1,1,1,0,1,0,1,1,1,0,0,0,0,4
"803",0,0,0,0,0,0,0,0,0,0,0,0,0,7
"804",0,0,0,0,0,0,0,0,0,0,0,0,0,6
"805",0,0,0,0,0,0,0,0,0,0,0,0,0,3
"806",1,1,1,0,1,1,1,1,1,1,1,0,0,3
"807",0,0,0,0,0,0,0,0,0,0,0,0,0,4
"808",0,0,0,0,0,0,0,0,0,0,0,0,0,4
"809",0,0,0,0,0,0,0,0,0,0,0,0,0,10
"810",0,0,0,0,0,0,0,0,0,0,0,0,0,4
"811",1,0,0,0,1,1,1,1,1,0,0,0,0,2
"812",1,0,0,0,0,0,0,0,0,0,0,0,0,4
"813",1,1,1,1,1,1,1,1,1,1,1,0,0,4
"814",0,0,0,0,0,0,0,0,0,0,0,0,0,3
"815",0,0,0,0,0,0,0,0,0,0,0,0,1,8
"816",0,0,0,0,0,0,0,0,0,0,0,0,0,4
"817",0,0,0,0,0,0,0,0,0,0,0,0,0,10
"818",0,0,0,0,0,0,0,0,0,0,0,0,0,4
"819",0,0,0,0,0,0,0,0,0,0,0,0,0,5
"820",1,0,1,0,0,0,0,0,0,0,0,0,0,4
"821",1,0,1,0,0,1,0,0,0,0,0,0,0,4
"822",0,0,0,0,0,0,0,0,0,0,0,0,0,4
"823",1,0,0,0,0,0,0,0,0,0,0,0,0,3
"824",1,0,0,0,0,0,0,0,0,0,0,0,0,5
"825",0,0,1,0,1,1,1,1,1,1,1,1,0,5
"826",1,0,0,0,0,0,0,0,0,0,0,0,0,6
"827",0,0,0,0,0,0,0,0,0,0,0,0,0,4
"828",1,1,1,1,1,0,1,1,1,0,1,1,0,5
"829",0,0,0,0,0,0,0,0,0,0,0,0,1,6
"830",0,0,0,0,0,0,0,0,0,0,0,0,0,4
"831",1,0,1,0,0,0,1,1,0,0,0,0,1,6
"832",1,0,0,0,1,0,1,0,0,0,0,0,0,5
"833",0,0,0,0,0,0,0,0,0,0,0,0,0,5
"834",0,0,0,0,0,0,0,0,0,0,0,0,0,6
"835",1,1,1,1,1,0,1,1,1,0,0,1,0,6
"836",0,0,1,0,0,0,1,0,1,0,0,0,0,7
"837",1,0,0,1,1,0,1,1,1,0,0,0,0,8
"838",0,0,0,0,0,0,0,0,0,0,0,0,0,3
"839",1,1,1,1,1,1,1,1,1,1,1,1,1,4
"840",0,0,0,0,0,0,0,0,0,0,0,0,0,4
"841",0,0,0,0,0,0,0,0,0,0,0,0,0,4
"842",0,0,0,0,0,0,0,0,0,0,0,0,1,2
"843",1,0,1,0,0,0,0,0,0,0,0,0,0,5
"844",0,0,0,0,0,0,0,0,0,0,0,0,0,11
"845",0,0,0,0,0,0,0,0,0,0,0,0,0,3
"846",1,1,1,0,1,1,1,1,1,1,0,0,0,5
"847",1,0,0,0,0,0,1,0,0,0,1,0,1,5
"848",1,0,0,0,0,0,1,0,0,0,0,0,0,5
"849",1,1,1,1,1,1,1,1,1,1,1,1,0,2
"850",0,0,0,0,0,0,0,0,0,0,0,0,0,4
"851",0,0,1,0,0,0,0,0,0,0,0,0,0,4
"852",1,1,1,1,1,1,1,1,1,0,1,0,0,6
"853",0,0,0,0,0,0,0,0,0,0,0,0,0,3
"854",0,0,0,0,0,0,0,0,0,0,0,0,0,4
"855",0,0,0,0,0,0,0,0,0,0,0,0,0,5
"856",1,0,1,0,0,1,1,0,0,0,0,0,0,4
"857",1,0,0,0,0,0,0,0,0,0,0,0,0,5
"858",0,0,0,0,0,0,0,0,0,0,0,0,0,6
"859",0,0,0,0,0,0,0,0,0,0,0,0,0,5
"860",1,1,1,1,1,1,1,1,1,1,1,1,0,4
"861",0,0,0,0,0,0,0,0,0,0,0,0,0,7
"862",1,0,0,0,0,0,1,0,0,0,0,0,0,3
"863",1,1,1,1,0,0,0,1,1,0,0,0,0,5
"864",0,0,1,1,0,0,0,0,0,0,0,0,0,5
"865",0,0,0,0,0,1,0,0,0,0,0,0,0,3
"866",0,0,0,0,0,0,0,0,0,0,0,0,0,6
"867",0,0,0,0,0,0,0,0,0,0,0,0,1,4
"868",0,0,0,0,0,0,0,0,0,0,0,0,0,4
"869",0,0,1,0,0,0,0,0,0,0,0,0,0,3
"870",0,0,0,0,0,0,0,0,0,0,0,0,0,3
"871",0,0,0,0,0,0,0,0,0,0,0,0,0,4
"872",0,0,0,0,0,0,0,0,0,0,0,0,0,4
"873",0,0,0,0,0,0,0,0,0,0,0,0,0,6
"874",0,0,0,0,0,0,0,0,0,0,0,0,0,4
"875",1,1,1,1,1,1,1,1,1,0,0,0,0,11
"876",0,0,0,0,0,0,0,0,0,0,0,0,0,3
"877",0,0,0,0,0,0,0,0,0,0,0,0,1,8
"878",0,0,0,0,0,0,0,0,0,0,0,0,0,7
"879",0,0,0,0,0,0,0,0,0,0,0,0,0,4
"880",0,0,0,0,0,0,0,0,0,0,0,0,0,3
"881",1,0,0,0,0,0,1,0,1,0,0,0,1,6
"882",0,0,0,1,0,0,0,0,0,0,0,0,0,6
"883",1,1,1,1,1,1,1,1,0,0,0,0,1,5
"884",0,0,0,0,0,0,0,0,0,0,0,0,0,4
"885",0,0,0,0,0,0,0,0,0,0,0,0,0,6
"886",0,0,0,0,0,0,0,0,0,0,0,0,1,6
"887",0,0,0,0,0,0,0,0,0,0,0,0,1,3
"888",0,0,0,0,0,0,0,0,0,0,0,0,0,4
"889",0,0,0,0,0,0,0,0,0,0,0,0,0,5
"890",0,0,0,0,0,0,0,0,0,0,0,0,0,4
"891",1,1,1,1,1,1,1,1,1,1,1,1,0,6
"892",0,0,0,0,0,0,0,0,0,0,0,0,0,5
"893",0,0,0,0,0,0,0,0,0,0,0,0,1,5
"894",1,0,0,0,1,0,1,1,1,0,0,0,0,4
"895",0,0,0,0,0,0,0,0,0,0,0,0,1,4
"896",0,0,0,0,0,0,0,0,0,0,0,0,0,4
"897",1,0,0,0,0,0,1,0,0,0,0,0,0,12
"898",0,0,1,0,0,0,0,0,0,0,0,0,1,5
"899",1,1,1,1,0,0,1,1,1,1,0,0,1,3
"900",0,0,0,0,0,0,0,0,0,0,0,0,0,3
"901",1,0,1,0,0,0,1,0,0,0,0,0,0,4
"902",1,0,1,0,0,0,1,0,1,0,0,0,0,4
"903",1,0,1,1,0,0,1,0,0,0,0,0,1,3
"904",0,0,0,0,0,0,0,0,0,0,0,0,0,5
"905",1,0,0,0,0,0,1,0,0,0,0,0,0,9
"906",0,0,0,0,0,0,0,0,0,0,0,0,0,6
"907",1,0,0,0,0,0,1,0,0,0,0,0,0,5
"908",0,0,0,0,0,0,0,0,0,0,0,0,0,5
"909",0,0,0,0,0,0,0,0,0,0,0,0,0,7
"910",1,0,0,0,0,0,1,1,1,0,0,0,0,3
"911",1,0,0,0,0,0,0,0,1,1,1,1,1,7
"912",0,0,0,0,0,0,0,0,0,0,0,0,0,5
"913",0,0,0,0,0,0,0,0,0,0,0,0,0,4
"914",1,1,1,1,1,0,0,0,0,0,0,0,0,3
"915",1,0,1,0,0,0,1,1,1,0,0,0,1,4
"916",0,1,1,0,0,0,1,1,1,0,0,0,0,4
"917",0,0,0,0,0,0,0,0,0,0,0,0,0,4
"918",1,1,1,1,1,1,1,1,1,0,1,0,0,8
"919",0,1,0,0,1,1,1,1,1,0,0,0,1,6
"920",1,1,1,1,1,0,1,1,1,1,0,0,1,10
"921",0,0,0,0,0,0,0,0,0,0,0,0,0,7
"922",0,0,0,0,0,0,0,0,0,0,0,0,0,4
"923",1,1,0,0,0,0,1,1,1,1,0,0,0,4
"924",1,0,0,1,0,0,1,1,1,0,0,0,0,4
"925",1,1,1,1,1,1,1,1,1,0,0,0,0,6
"926",0,0,0,0,0,0,0,0,0,0,0,0,0,3
"927",1,1,1,1,1,1,1,1,0,0,0,0,0,3
"928",1,1,1,1,1,1,1,1,1,1,1,1,1,2
"929",0,0,0,0,0,0,0,0,0,0,0,0,0,4
"930",1,0,0,0,0,0,0,0,0,0,0,0,0,3
"931",1,1,1,1,0,0,1,1,0,0,0,0,0,6
"932",0,0,0,0,0,0,0,0,0,0,0,0,0,3
"933",1,0,0,0,0,0,0,1,0,0,0,0,0,3
"934",0,0,0,0,0,0,0,0,0,0,0,0,0,3
"935",0,0,0,0,0,0,0,0,0,0,0,0,0,5
"936",1,0,0,1,1,0,0,0,0,0,0,0,0,3
"937",1,1,1,1,1,1,1,1,1,0,1,0,0,13
"938",0,0,0,0,0,0,0,0,0,0,0,0,0,6
"939",0,0,0,0,0,0,0,0,0,0,0,0,0,6
"940",0,0,0,0,0,0,0,0,0,0,0,0,0,4
"941",1,0,0,0,0,0,1,0,0,0,0,0,0,4
"942",1,1,1,1,1,1,1,0,0,0,0,0,1,4
"943",0,1,1,1,1,1,1,1,1,1,1,0,1,4
"944",0,0,0,0,0,0,0,0,0,0,0,0,0,4
"945",0,0,0,0,0,0,0,0,0,0,0,0,0,3
"946",0,0,0,0,0,0,0,0,0,0,0,0,0,5
"947",0,0,0,0,0,0,0,0,0,0,0,0,0,4
"948",0,0,0,0,0,0,0,0,0,0,0,0,0,5
"949",1,0,1,1,1,0,0,0,0,0,0,0,0,4
"950",0,0,0,0,0,0,0,0,0,0,0,0,0,4
"951",1,0,1,1,1,1,1,1,1,1,1,1,1,4
"952",0,0,0,0,0,1,0,0,0,0,0,0,0,6
"953",1,0,1,0,1,1,1,1,0,0,1,0,0,3
"954",0,0,0,0,0,0,0,0,0,0,0,0,0,3
"955",0,0,0,0,0,0,0,0,0,0,0,0,0,7
"956",0,0,0,0,0,0,0,0,0,0,0,0,0,3
"957",0,0,0,0,0,0,0,0,0,0,0,0,0,3
"958",0,0,0,0,0,0,0,0,0,0,0,0,0,5
"959",0,0,0,0,0,0,0,0,0,0,0,0,0,3
"960",0,0,0,0,0,0,0,0,0,0,0,0,1,4
"961",1,0,0,0,0,0,1,0,1,0,0,0,1,6
"962",0,0,0,0,0,0,0,0,0,0,0,0,1,7
"963",1,1,1,1,1,0,1,1,1,0,0,0,1,6
"964",0,0,0,0,0,0,0,0,0,0,0,0,0,4
"965",0,0,0,0,0,0,0,0,0,0,0,0,1,3
"966",0,0,0,0,0,0,0,0,0,0,0,0,0,3
"967",1,0,0,0,0,0,1,0,0,0,0,0,0,3
"968",0,0,0,0,0,0,0,0,0,0,0,0,0,5
"969",0,0,0,0,0,0,0,0,0,0,0,0,0,4
"970",0,0,0,0,0,0,0,0,0,0,0,0,0,3
"971",1,0,0,0,0,0,1,1,1,0,0,0,0,7
"972",0,0,0,0,0,0,0,0,0,0,0,0,0,4
"973",1,1,1,0,1,0,0,0,0,0,0,0,0,2
"974",0,0,0,0,0,0,0,0,0,0,0,0,1,3
"975",1,0,0,0,0,0,0,0,0,0,0,0,0,5
"976",1,0,1,0,0,0,1,1,0,0,0,0,1,4
"977",1,0,1,0,1,0,0,0,1,1,0,0,1,5
"978",0,0,0,0,0,0,0,0,0,0,0,0,0,4
"979",1,1,1,1,1,1,1,1,1,0,1,0,1,4
"980",0,0,0,0,0,0,0,0,0,0,0,0,0,4
"981",0,0,0,0,0,0,0,0,0,0,0,0,0,3
"982",0,0,0,0,0,0,0,0,0,0,0,0,0,2
"983",0,0,0,0,0,0,1,0,1,0,0,0,0,6
"984",0,0,0,0,0,0,0,0,0,0,0,0,1,5
"985",0,0,0,0,0,0,0,0,0,0,0,0,0,3
"986",0,0,0,0,0,0,0,0,0,0,0,0,1,5
"987",1,0,0,0,1,0,1,1,1,1,1,0,0,3
"988",0,0,0,0,0,0,0,0,0,0,0,0,0,5
"989",0,0,0,0,0,0,0,0,0,0,0,0,0,5
"990",1,0,1,0,1,0,1,0,0,0,0,0,1,5
"991",0,0,0,0,0,0,0,0,0,0,0,0,0,4
"992",0,0,0,0,0,0,0,0,0,0,0,0,0,3
"993",0,0,0,0,0,0,0,0,0,0,0,0,1,4
"994",0,0,0,0,0,0,0,0,0,0,0,0,0,5
"995",1,1,1,1,1,1,1,1,1,1,1,1,0,3
"996",1,0,0,1,0,0,1,0,0,0,0,0,0,4
"997",1,0,1,0,0,0,1,0,1,0,0,0,0,4
"998",0,0,0,0,0,0,0,0,0,0,0,0,0,5
"999",0,0,0,0,0,0,0,0,0,0,0,0,0,2
"1000",1,0,0,0,1,0,0,0,0,0,0,0,1,6
"1001",1,0,1,1,1,1,1,1,1,1,0,1,1,5
"1002",1,1,1,0,1,1,1,1,0,0,1,1,0,2
"1003",1,0,0,0,0,0,0,0,0,0,0,0,0,3
"1004",1,0,0,0,0,0,0,0,0,0,0,0,0,5
"1005",1,0,0,0,0,0,0,0,1,0,0,0,0,5
"1006",1,0,0,0,0,0,0,0,0,0,0,0,0,4
"1007",1,0,1,1,1,0,0,0,1,0,0,0,1,5
"1008",0,0,0,0,0,0,0,0,0,0,0,0,0,4
"1009",0,0,0,0,0,0,0,0,0,0,0,0,0,4
"1010",0,0,0,0,0,0,0,0,0,0,0,0,0,3
"1011",1,0,0,1,1,0,0,1,1,1,0,0,1,5
"1012",1,0,1,0,1,0,1,1,1,0,0,0,0,5
"1013",0,0,0,0,0,0,0,0,0,0,0,0,0,2
"1014",1,1,1,1,1,1,0,0,0,0,0,0,0,5
"1015",1,0,1,0,1,1,0,0,0,0,0,0,0,7
"1016",0,1,0,0,1,0,0,0,0,0,0,0,0,3
"1017",1,1,1,0,0,0,0,0,0,0,0,0,0,5
"1018",1,0,0,0,0,0,1,0,0,0,0,0,1,6
"1019",0,0,0,0,0,0,0,0,0,0,0,0,0,4
"1020",0,0,0,0,0,0,0,0,0,0,0,0,0,3
"1021",0,0,0,0,0,0,0,0,0,0,0,0,0,3
"1022",1,1,1,0,1,1,0,0,0,0,0,0,0,2
"1023",1,0,0,0,0,0,0,0,1,0,0,0,0,7
"1024",1,0,0,0,0,0,1,1,0,0,0,0,1,7
"1025",1,1,1,0,1,1,1,1,1,1,1,1,1,9
"1026",1,1,1,1,1,1,1,1,1,1,1,1,0,4
"1027",0,0,0,0,0,0,0,0,0,0,0,0,0,3
"1028",0,0,0,0,0,1,0,0,0,0,0,0,1,6
"1029",0,0,0,0,0,0,0,0,0,0,0,0,0,6
"1030",1,1,1,0,1,1,0,0,0,0,0,0,0,3
"1031",1,0,0,0,0,0,1,0,0,0,0,0,0,4
"1032",1,1,1,0,1,1,1,1,1,0,0,1,1,3
"1033",0,0,0,0,0,0,0,0,0,0,0,0,1,3
"1034",0,0,0,0,0,0,0,0,0,0,0,0,0,5
"1035",0,0,0,0,0,0,0,0,0,0,0,0,0,5
"1036",1,1,1,1,1,1,1,1,1,1,1,0,1,5
"1037",1,0,1,1,1,1,1,1,1,1,1,1,0,3
"1038",0,0,0,0,0,0,0,0,0,0,0,0,0,5
"1039",0,0,0,0,0,0,0,0,0,0,0,0,0,4
"1040",1,0,1,0,0,0,1,0,0,0,0,0,1,5
"1041",0,0,0,0,0,0,0,0,0,0,0,0,0,3
"1042",0,0,0,0,0,0,0,0,0,0,0,0,0,3
"1043",1,1,1,0,0,1,0,0,1,0,0,0,1,5
"1044",1,1,1,1,1,1,1,1,1,1,0,1,0,4
"1045",0,0,0,0,0,0,0,0,0,0,0,0,0,3
"1046",0,0,0,0,0,0,0,0,0,0,0,0,0,4
"1047",1,1,1,1,1,1,1,1,0,0,1,0,0,4
"1048",0,0,0,0,0,0,0,0,0,0,0,0,0,8
"1049",0,0,0,0,0,0,0,0,0,0,0,0,0,4
"1050",0,0,1,0,0,1,0,0,0,0,0,0,1,7
"1051",0,0,0,0,0,0,0,0,0,0,0,0,0,4
"1052",0,0,0,0,0,0,0,0,0,0,0,0,0,5
"1053",0,0,0,0,0,0,0,0,0,0,0,0,0,4
"1054",1,1,1,1,1,1,1,1,1,0,0,0,0,4
"1055",0,0,0,0,0,0,0,0,0,0,0,0,0,6
"1056",1,0,1,0,0,0,0,0,0,0,0,0,0,3
"1057",0,0,0,0,0,0,0,0,0,0,0,0,1,10
"1058",0,0,0,0,0,0,0,0,0,0,0,0,0,3
"1059",1,0,1,0,0,0,0,0,0,0,0,0,1,4
"1060",0,0,0,0,0,0,0,0,0,0,0,0,0,7
"1061",0,0,0,0,0,0,0,0,0,0,0,0,1,4
"1062",1,0,0,0,0,0,1,0,0,0,0,0,0,3
"1063",0,0,0,0,0,0,0,0,0,0,0,0,0,4
"1064",0,0,0,0,0,0,0,0,0,0,0,0,0,5
"1065",0,0,0,0,0,0,0,0,0,0,0,0,0,3
"1066",1,1,1,1,1,1,1,1,1,1,1,0,1,4
"1067",0,0,0,0,0,0,0,0,0,0,0,0,0,4
"1068",1,1,1,1,1,1,0,0,1,1,1,0,0,5
"1069",1,1,1,1,1,1,1,1,1,1,1,1,1,5
"1070",0,0,0,0,0,0,0,0,0,0,0,0,0,4
"1071",0,0,0,0,0,0,1,0,0,0,0,0,0,3
"1072",0,0,0,0,0,0,0,0,0,0,0,0,0,4
"1073",0,0,0,0,0,0,0,0,0,0,0,0,1,4
"1074",0,0,0,0,0,0,0,0,0,0,0,0,0,5
"1075",0,0,0,0,0,0,0,0,0,0,0,0,0,2
"1076",0,0,0,0,0,0,0,0,0,0,0,0,0,5
"1077",0,0,0,0,0,0,0,0,0,0,0,0,0,5
"1078",0,0,0,0,0,0,0,0,0,0,0,0,0,4
"1079",0,0,0,0,0,0,0,0,0,0,0,0,0,4
"1080",1,0,0,0,0,0,0,0,0,0,0,0,1,5
"1081",0,0,0,0,0,0,0,0,0,0,0,0,0,3
"1082",0,0,0,0,0,0,0,0,0,0,0,0,0,4
"1083",0,0,0,0,0,0,0,0,0,0,0,0,0,7
"1084",0,0,0,0,0,0,0,0,0,0,0,0,0,5
"1085",1,0,0,0,1,0,0,0,0,0,0,0,0,3
"1086",1,1,1,1,1,1,1,1,1,0,0,1,0,4
"1087",0,0,0,0,0,0,0,0,0,0,0,0,0,3
"1088",0,0,0,0,0,0,0,0,0,0,0,0,0,4
"1089",1,0,0,0,0,0,1,0,0,0,0,0,0,5
"1090",1,1,1,1,1,1,1,1,0,0,0,0,1,3
"1091",0,0,0,0,0,0,0,0,0,0,0,0,1,9
"1092",0,0,0,0,0,0,0,0,0,0,0,0,0,5
"1093",1,0,0,0,0,0,0,0,0,0,0,0,0,4
"1094",0,0,0,0,0,0,0,0,0,0,0,0,0,4
"1095",1,1,1,1,1,1,1,1,1,0,0,1,0,3
"1096",0,0,0,0,0,0,0,0,0,0,0,0,0,4
"1097",0,0,0,0,0,0,0,0,0,0,0,0,0,5
"1098",1,0,1,0,0,0,1,1,1,0,0,0,0,5
"1099",1,1,0,1,1,1,1,0,0,0,0,0,0,3
"1100",0,0,0,0,0,0,0,0,0,0,0,0,0,3
"1101",1,1,1,0,1,0,1,1,1,1,1,0,0,5
"1102",1,1,1,1,1,0,1,1,1,1,1,0,0,3
"1103",1,0,0,0,0,0,0,0,0,0,0,0,1,6
"1104",1,0,0,1,0,0,1,0,0,0,0,0,0,4
"1105",0,0,1,0,0,0,0,0,0,0,0,0,0,4
"1106",0,0,0,0,0,0,0,0,0,0,0,0,0,2
"1107",0,0,0,0,0,0,0,0,0,0,0,0,0,3
"1108",0,0,0,0,0,0,0,0,0,0,0,0,0,4
"1109",0,0,0,0,0,0,0,0,0,0,0,0,0,5
"1110",1,0,1,0,0,0,1,1,1,0,1,0,1,5
"1111",1,1,0,1,1,0,1,0,0,0,0,0,0,5
"1112",0,0,0,0,0,0,0,0,0,0,0,0,1,6
"1113",0,0,0,0,0,0,0,0,0,0,0,0,0,5
"1114",0,0,0,0,0,0,0,0,0,0,0,0,0,6
"1115",0,0,0,0,0,0,0,0,0,0,0,0,0,7
"1116",0,0,0,0,0,0,0,0,0,0,0,0,0,3
"1117",1,0,0,0,0,0,1,1,1,0,0,0,0,5
"1118",0,0,0,0,0,0,0,1,1,0,0,0,0,4
"1119",0,0,0,0,0,0,0,0,0,0,0,0,0,6
"1120",1,1,1,1,1,0,1,1,1,1,1,1,0,10
"1121",0,0,0,0,0,0,0,0,0,0,0,0,0,2
"1122",1,0,1,1,0,0,0,0,0,0,0,0,0,4
"1123",1,0,0,0,1,1,0,0,0,0,0,0,0,4
"1124",1,1,1,0,1,1,1,1,1,0,0,0,1,12
"1125",0,0,0,0,0,0,0,0,0,0,0,0,0,3
"1126",1,1,1,1,1,1,1,1,1,1,0,1,0,7
"1127",0,0,0,0,0,0,0,0,0,0,0,0,0,7
"1128",0,0,1,0,0,0,1,1,0,0,0,0,0,5
"1129",0,0,0,0,0,0,0,0,0,0,0,0,0,5
"1130",0,0,0,0,0,0,0,0,0,0,0,0,0,4
"1131",0,0,0,0,0,0,0,0,0,0,0,0,1,5
"1132",1,0,0,0,0,0,1,1,0,0,0,0,0,5
"1133",1,0,1,1,0,0,1,1,1,1,1,1,1,7
"1134",0,0,0,0,0,0,0,0,0,0,0,0,0,7
"1135",1,0,0,0,0,0,0,0,1,0,0,0,0,4
"1136",0,0,0,0,0,0,0,0,0,0,0,0,0,7
"1137",0,0,0,0,0,0,0,0,0,0,0,0,0,3
"1138",0,0,0,0,0,0,0,0,0,0,0,0,0,6
"1139",1,1,1,1,1,1,1,1,1,1,1,1,0,4
"1140",0,0,0,0,0,0,0,0,0,0,0,0,0,5
"1141",0,0,0,0,0,0,0,0,0,0,0,0,0,4
"1142",1,0,1,1,1,1,1,1,1,1,0,0,0,5
"1143",0,0,0,0,0,0,0,0,0,0,0,0,0,7
"1144",0,0,0,0,0,0,0,0,0,0,0,0,0,4
"1145",0,0,0,0,0,0,0,0,0,0,0,0,0,5
"1146",1,0,1,0,0,0,1,0,1,0,0,0,1,4
"1147",0,0,0,0,0,0,0,0,0,0,0,0,0,4
"1148",1,0,0,1,0,0,0,0,0,0,0,0,1,5
"1149",1,1,1,1,0,0,1,0,0,0,0,0,1,6
"1150",1,1,1,1,0,0,0,0,0,0,0,0,1,5
"1151",0,0,0,0,0,0,0,0,0,0,0,0,0,5
"1152",0,0,0,0,0,0,0,0,0,0,0,0,0,4
"1153",0,0,0,0,0,0,0,0,0,0,0,0,0,3
"1154",0,0,0,0,0,0,0,0,0,0,0,0,0,5
"1155",1,1,1,1,1,1,1,1,1,1,1,1,0,4
"1156",1,0,1,0,0,0,1,1,1,0,0,0,0,4
"1157",1,0,1,0,1,0,1,0,1,1,0,0,0,5
"1158",0,0,0,0,0,0,0,0,0,0,0,0,0,4
"1159",0,0,0,0,0,0,0,0,0,0,0,0,0,5
"1160",0,1,1,1,0,0,0,0,1,0,0,0,1,6
"1161",1,0,0,0,0,0,0,0,0,0,0,0,0,4
"1162",0,0,0,0,0,0,0,0,0,0,0,0,0,3
"1163",0,0,0,0,0,0,0,0,0,0,0,0,0,5
"1164",0,0,0,0,0,0,0,0,0,0,0,0,0,4
"1165",0,0,0,0,0,0,0,0,0,0,0,0,0,4
"1166",1,1,1,1,1,1,1,1,1,1,0,0,0,7
"1167",0,0,0,0,0,0,0,0,0,0,0,0,1,5
"1168",0,0,0,0,0,0,0,0,0,0,0,0,0,3
"1169",0,0,0,0,0,0,0,0,0,0,0,0,1,5
"1170",1,1,1,1,1,1,1,1,1,1,1,1,1,3
"1171",1,0,1,0,0,0,1,1,1,0,0,0,0,3
"1172",1,1,0,1,0,1,1,1,1,0,0,0,0,4
"1173",0,0,0,0,1,0,0,0,0,0,0,0,0,3
"1174",1,1,1,1,1,1,1,1,1,1,1,1,0,5
"1175",0,0,0,0,0,0,0,0,0,0,0,0,1,6
"1176",0,0,0,0,0,0,0,0,0,0,0,0,1,4
"1177",0,0,0,0,0,0,0,0,0,0,0,0,0,6
"1178",0,0,0,0,0,0,0,0,0,0,0,0,0,5
"1179",0,0,0,0,0,0,0,0,0,0,0,0,0,4
"1180",0,0,0,0,0,0,0,0,0,0,0,0,0,3
"1181",0,0,0,0,0,0,0,0,0,0,0,0,0,4
"1182",0,0,0,0,0,0,0,0,0,0,0,0,0,4
"1183",0,0,0,0,0,0,0,0,0,0,0,0,0,3
"1184",1,0,1,0,0,0,0,0,0,0,0,0,0,3
"1185",0,0,0,0,0,0,1,0,0,0,0,0,0,5
"1186",1,0,0,0,0,0,1,0,0,0,0,0,0,5
"1187",0,0,0,0,0,0,0,0,0,0,0,0,0,5
"1188",1,0,0,0,0,0,1,0,0,0,0,0,0,4
"1189",0,0,0,0,0,0,0,0,0,0,0,0,0,6
"1190",0,0,0,0,0,0,0,0,0,0,0,0,0,3
"1191",1,0,0,0,0,0,1,0,0,0,0,0,1,4
"1192",0,0,0,0,0,0,0,0,0,0,0,0,0,4
"1193",0,0,0,0,0,0,0,0,0,0,0,0,0,4
"1194",0,0,0,0,0,0,0,0,0,0,0,0,0,4
"1195",0,0,0,0,0,0,0,0,0,0,0,0,0,4
"1196",0,0,0,0,0,0,0,0,0,0,0,0,0,3
"1197",0,1,1,0,0,0,0,0,0,0,0,0,0,5
"1198",1,1,1,1,1,1,1,1,0,1,1,1,0,5
"1199",1,0,0,0,1,0,0,0,1,0,0,0,0,5
"1200",0,0,0,0,0,0,0,0,0,0,0,0,0,3
"1201",1,1,1,1,1,0,1,0,0,0,0,0,1,8
"1202",0,0,0,0,0,0,0,0,0,0,0,0,0,4
"1203",1,1,1,1,1,1,1,1,1,1,0,0,1,7
"1204",0,0,0,0,0,0,0,0,0,0,0,0,0,9
"1205",0,0,0,0,0,0,1,0,0,0,0,0,0,4
"1206",1,0,1,1,1,0,1,1,1,0,0,0,0,4
"1207",1,0,1,0,0,0,1,1,1,0,0,0,0,2
"1208",0,0,0,0,0,0,0,0,0,0,0,0,0,6
"1209",1,0,0,0,0,0,1,0,0,0,0,0,0,3
"1210",0,0,0,0,0,0,0,0,0,0,0,0,0,4
"1211",0,0,0,0,0,0,0,0,0,0,0,0,0,3
"1212",1,0,0,0,0,0,0,0,0,0,0,0,0,7
"1213",0,0,0,0,0,0,0,0,0,0,0,0,0,5
"1214",1,0,0,0,0,0,1,0,0,0,0,0,0,4
"1215",1,1,1,1,1,1,1,1,1,0,0,1,1,4
"1216",0,0,0,0,0,0,0,0,0,0,0,0,0,4
"1217",0,0,0,0,0,0,0,0,0,0,0,0,0,3
"1218",1,1,1,1,0,0,1,1,1,1,1,0,1,6
"1219",1,0,1,1,1,0,1,1,0,0,0,0,0,6
"1220",0,0,0,0,0,0,0,0,0,0,0,0,0,4
"1221",1,0,0,0,0,0,0,0,0,0,0,0,1,9
"1222",1,1,1,1,1,1,1,1,1,1,1,0,0,8
"1223",1,0,1,0,0,0,0,0,0,0,0,0,0,6
"1224",0,0,0,0,0,0,0,0,0,0,0,0,0,4
"1225",1,0,0,0,0,0,0,0,0,0,0,0,0,4
"1226",0,0,0,0,0,0,0,0,0,0,0,0,0,5
"1227",1,1,1,1,1,1,1,1,1,0,0,0,1,3
"1228",0,0,0,0,0,0,0,0,0,0,0,0,0,3
"1229",1,0,1,0,0,0,1,1,1,0,0,0,0,4
"1230",1,0,0,0,0,0,0,0,0,0,0,0,1,7
"1231",0,0,0,0,0,0,0,0,0,0,0,0,0,6
"1232",1,0,0,0,0,0,1,0,0,0,0,0,0,4
"1233",1,1,1,1,1,1,0,0,0,0,0,0,1,3
"1234",0,0,0,0,0,0,0,0,0,0,0,0,1,4
"1235",1,0,0,0,0,0,0,0,0,0,0,0,1,8
"1236",1,1,1,1,1,1,1,1,1,0,0,0,1,4
"1237",0,0,0,0,0,0,0,0,0,0,0,0,0,4
"1238",0,0,0,0,0,0,0,0,0,0,0,0,0,9
"1239",0,0,0,0,0,0,0,0,0,0,0,0,0,3
"1240",0,0,0,0,0,0,0,0,0,0,0,0,1,4
"1241",0,0,0,0,0,0,0,0,0,0,0,0,0,7
"1242",0,0,0,0,0,0,0,0,0,0,0,0,0,3
"1243",0,0,1,0,0,0,0,0,0,0,0,0,0,4
"1244",0,0,0,0,0,0,0,0,0,0,0,0,0,4
"1245",1,1,0,1,0,0,0,0,0,0,0,1,1,3
"1246",1,0,0,0,0,0,1,0,0,0,0,0,0,4
"1247",0,0,0,0,0,0,0,0,0,0,0,0,0,3
"1248",1,0,1,1,1,0,1,0,0,0,0,0,1,5
"1249",0,0,0,0,0,0,0,0,0,0,0,0,0,3
"1250",0,0,0,0,0,0,0,0,0,0,0,0,0,3
"1251",0,0,0,0,0,0,0,0,0,0,0,0,0,3
"1252",0,0,0,0,0,1,1,0,0,0,0,0,0,3
"1253",0,0,0,0,0,0,0,0,0,0,0,0,0,5
"1254",0,0,0,0,0,0,0,0,0,0,0,0,0,5
"1255",0,0,0,0,0,0,0,0,0,0,0,0,0,2
"1256",1,1,1,1,1,0,1,1,1,0,1,0,1,4
"1257",1,0,0,0,0,0,0,0,0,0,0,0,1,5
"1258",1,0,0,0,0,0,0,0,0,0,0,0,0,4
"1259",1,1,1,1,1,0,1,1,1,1,0,0,1,9
"1260",0,0,0,0,0,0,0,0,0,0,0,0,0,2
"1261",0,1,1,1,1,1,1,1,1,0,0,0,1,6
"1262",0,0,0,0,0,0,0,0,0,0,0,0,0,3
"1263",0,0,0,0,0,0,0,0,0,0,0,0,0,4
"1264",0,0,0,0,0,0,0,0,0,0,0,0,0,4
"1265",0,0,0,0,0,0,0,0,0,0,0,0,0,4
"1266",0,0,0,0,0,0,0,0,0,0,0,0,1,5
"1267",1,1,0,1,1,1,1,1,1,1,1,0,0,6
"1268",0,0,0,0,0,0,0,0,0,0,0,0,0,4
"1269",0,1,1,0,0,0,0,0,0,0,0,0,0,5
"1270",1,0,1,0,1,0,0,0,0,0,0,0,0,6
"1271",1,1,0,0,0,0,1,1,0,0,0,0,0,4
"1272",0,0,0,0,0,0,0,0,0,0,0,0,0,6
"1273",1,1,1,1,1,1,1,1,1,1,1,1,1,8
"1274",1,0,0,0,0,0,1,0,0,0,0,0,0,4
"1275",0,0,0,0,0,0,0,0,0,0,0,0,0,3
"1276",0,0,0,0,0,0,0,0,0,0,0,0,0,3
"1277",0,0,0,0,0,0,0,0,0,0,0,0,1,6
"1278",0,0,0,0,0,0,0,0,0,0,0,0,0,6
"1279",0,0,1,0,0,0,0,0,0,0,0,0,0,4
"1280",0,0,0,0,0,0,0,0,0,0,0,0,0,4
"1281",1,0,0,0,1,0,1,0,0,0,0,0,0,3
"1282",0,0,0,0,0,0,0,0,0,0,0,0,0,5
"1283",0,0,0,0,0,0,0,0,0,0,0,0,0,5
"1284",0,0,0,0,1,1,1,1,1,1,1,1,0,5
"1285",1,1,1,0,0,0,1,1,1,1,0,0,0,7
"1286",0,0,0,0,0,0,0,0,0,0,0,0,0,2
"1287",1,0,1,1,1,1,1,1,1,0,0,0,0,5
"1288",0,0,0,0,0,0,0,0,0,0,0,0,0,2
"1289",0,0,0,0,0,0,0,0,0,0,0,0,1,4
"1290",1,0,0,0,0,0,0,0,0,0,0,0,1,4
"1291",0,0,0,0,0,0,0,0,0,0,0,0,0,3
"1292",0,0,0,0,0,0,0,0,0,0,0,0,0,5
"1293",0,0,0,0,0,0,0,0,0,0,0,0,0,4
"1294",1,0,0,0,0,0,0,0,0,0,0,0,0,6
"1295",0,0,1,1,1,1,0,0,1,1,0,0,1,4
"1296",1,0,1,0,0,0,1,1,1,0,0,0,0,6
"1297",1,0,1,0,1,1,1,1,1,1,1,1,0,5
"1298",0,0,0,0,0,0,0,0,0,0,0,0,0,7
"1299",0,0,0,0,0,0,0,0,0,0,0,0,1,12
"1300",0,0,0,0,0,0,0,0,0,0,0,0,0,5
"1301",0,0,0,0,0,0,0,0,0,0,0,0,1,5
"1302",1,0,0,0,0,0,0,0,0,0,0,0,0,3
"1303",1,1,1,1,1,1,1,1,1,1,1,1,1,7
"1304",1,1,1,0,0,1,0,0,0,0,0,0,0,3
"1305",0,0,0,0,0,0,0,0,0,0,0,0,0,2
"1306",1,0,0,0,0,0,0,0,0,0,0,0,0,11
"1307",1,0,0,0,0,0,1,0,0,0,0,0,0,3
"1308",0,0,0,0,1,0,0,0,1,1,1,1,0,2
"1309",0,0,0,0,0,0,0,0,0,0,0,0,1,4
"1310",0,0,0,0,0,0,0,0,0,0,0,0,0,5
"1311",1,1,0,1,0,0,1,1,1,0,0,0,0,5
"1312",1,1,1,0,1,1,1,1,1,0,0,0,1,5
"1313",0,0,0,0,0,0,0,0,0,0,0,0,0,3
"1314",1,1,1,0,1,1,1,1,1,1,1,1,1,7
"1315",1,0,0,0,1,0,1,0,0,0,0,0,0,4
"1316",1,0,0,0,0,0,0,0,0,0,0,0,0,3
"1317",1,0,0,0,0,0,0,0,0,0,0,0,0,4
"1318",0,0,0,0,0,0,0,0,0,0,0,0,0,4
"1319",1,0,0,0,0,0,1,0,0,0,0,0,0,7
"1320",0,1,1,0,1,1,1,1,0,0,0,0,1,4
"1321",1,1,0,1,0,0,1,1,1,1,1,1,0,7
"1322",1,0,1,0,0,0,1,1,1,0,0,0,0,4
"1323",0,0,0,0,0,0,0,0,0,0,0,0,1,5
"1324",0,0,0,0,0,0,0,0,0,0,0,0,0,4
"1325",0,1,0,0,0,0,0,0,0,0,0,0,0,4
"1326",0,0,0,0,0,0,0,0,0,0,0,0,0,5
"1327",0,0,0,0,0,0,0,0,0,0,0,0,0,8
"1328",1,0,0,0,0,0,1,0,1,0,0,0,0,4
"1329",0,0,0,0,0,0,0,0,0,0,0,0,0,2
"1330",0,0,0,0,0,0,0,0,0,0,0,0,0,3
"1331",0,0,0,0,0,0,0,0,0,0,0,0,0,4
"1332",0,0,0,0,0,0,0,0,0,0,0,0,0,4
"1333",0,0,0,0,0,0,0,0,0,0,0,0,0,4
"1334",0,0,0,0,0,0,0,0,0,0,0,0,0,5
"1335",1,1,1,1,1,1,1,1,1,1,1,1,0,5
"1336",0,0,0,0,0,0,0,0,0,0,0,0,0,3
"1337",1,0,0,0,0,0,0,0,0,0,0,0,1,5
"1338",1,0,0,0,0,0,1,0,0,0,0,0,1,5
"1339",0,0,0,0,0,0,0,0,0,0,0,0,0,7
"1340",1,0,0,0,0,0,0,0,0,0,0,0,0,6
"1341",1,1,1,1,1,1,1,1,1,1,1,1,1,7
"1342",0,0,0,0,0,0,0,0,0,0,0,0,1,4
"1343",0,0,0,0,0,0,0,0,0,0,0,0,0,4
"1344",0,0,0,0,0,0,0,0,0,0,0,0,0,3
"1345",0,0,0,0,0,0,0,0,0,0,0,0,0,4
"1346",0,0,0,0,0,0,0,0,0,0,0,0,0,6
"1347",0,0,0,0,0,0,0,0,0,0,0,0,0,5
"1348",1,0,1,0,0,0,1,1,1,0,0,0,0,6
"1349",1,0,0,0,0,0,1,0,0,0,0,0,0,6
"1350",0,0,0,0,0,0,0,0,0,0,0,0,0,3
"1351",1,1,1,1,1,1,0,0,0,0,0,0,0,4
"1352",1,1,1,1,1,0,1,1,0,0,0,0,1,9
"1353",0,0,0,0,0,0,0,0,0,0,0,0,0,3
"1354",1,0,0,1,0,0,1,0,0,0,0,0,0,4
"1355",1,0,0,0,0,0,0,0,0,0,0,0,0,6
"1356",1,0,1,1,1,0,1,1,1,1,1,1,1,6
"1357",0,0,0,0,0,0,0,0,0,0,0,0,0,3
"1358",0,0,0,0,0,0,0,0,0,0,0,0,0,7
"1359",0,0,0,0,0,0,0,0,0,0,0,0,0,6
"1360",0,0,0,0,0,0,0,0,0,0,0,0,0,4
"1361",0,0,0,0,0,0,0,0,0,0,0,0,0,4
"1362",0,0,0,0,0,0,0,0,0,0,0,0,0,6
"1363",0,0,0,0,0,0,0,0,0,0,0,0,0,3
"1364",0,0,0,0,0,0,0,0,0,0,0,0,0,4
"1365",1,1,1,1,1,1,1,1,1,1,1,1,1,3
"1366",1,0,1,0,1,1,0,0,0,0,0,0,0,6
"1367",0,0,0,0,0,0,0,0,0,0,0,0,0,5
"1368",1,0,1,0,0,0,1,1,1,0,0,0,1,7
"1369",0,0,0,0,0,0,0,0,0,0,0,0,0,4
"1370",0,0,0,0,0,0,0,0,0,0,0,0,0,6
"1371",1,0,1,0,0,0,0,1,0,0,0,0,0,2
"1372",0,0,0,0,0,0,0,0,0,0,0,0,0,8
"1373",0,0,0,0,0,0,0,0,0,0,0,0,0,5
"1374",0,0,0,0,0,0,0,0,0,0,0,0,0,4
"1375",0,0,0,0,0,0,0,0,0,0,0,0,0,5
"1376",1,0,0,0,0,0,0,0,0,0,0,0,1,3
"1377",1,0,1,0,1,1,1,1,1,0,0,1,1,6
"1378",0,0,0,0,1,0,0,0,0,0,0,0,1,2
"1379",1,0,1,0,0,0,1,0,1,0,0,0,0,4
"1380",0,0,0,0,0,0,0,0,0,0,0,0,0,5
"1381",0,0,0,0,0,0,0,0,0,0,0,0,0,4
"1382",0,0,0,0,0,0,0,0,0,0,0,0,0,6
"1383",0,0,0,0,0,0,0,0,0,0,0,0,0,4
"1384",1,0,0,0,0,0,1,0,0,0,0,0,1,4
"1385",0,0,0,0,0,0,0,0,0,0,0,0,0,10
"1386",0,0,0,0,0,0,0,0,0,0,0,0,0,4
"1387",0,0,0,0,0,0,0,0,0,0,0,0,0,3
"1388",1,0,1,0,0,0,0,0,0,0,0,0,0,6
"1389",0,0,0,0,0,0,0,0,0,0,0,0,0,5
"1390",0,0,0,0,0,0,0,0,0,0,0,0,0,5
"1391",0,0,0,0,0,0,0,0,0,0,0,0,0,3
"1392",0,0,0,0,0,0,0,0,0,0,0,0,0,3
"1393",1,1,1,1,1,1,0,0,1,1,1,0,0,4
"1394",1,0,0,0,0,0,1,0,0,0,0,0,1,8
"1395",1,0,1,0,0,0,0,0,0,0,0,0,0,5
"1396",0,0,0,0,0,0,0,0,0,0,0,0,0,4
"1397",0,0,0,0,0,0,0,0,0,0,0,0,0,5
"1398",0,0,0,0,0,0,0,0,0,0,0,0,0,7
"1399",1,1,1,0,1,0,1,0,0,0,0,0,0,4
"1400",1,0,1,0,1,1,0,0,0,0,0,0,0,4
"1401",0,0,1,0,0,0,0,0,0,0,0,0,0,3
"1402",1,0,0,1,0,0,0,0,0,0,0,0,1,4
"1403",0,0,0,0,0,0,0,0,0,0,0,0,1,9
"1404",1,0,0,0,0,0,0,0,0,0,0,0,1,6
"1405",0,0,0,0,0,0,0,0,0,0,0,0,0,5
"1406",0,0,0,0,0,0,0,0,0,0,0,0,0,5
"1407",0,0,0,0,0,0,0,0,0,0,0,0,0,4
"1408",0,0,0,0,0,0,0,0,0,0,0,0,0,2
"1409",0,0,0,0,0,0,0,0,0,0,0,0,0,2
"1410",1,0,0,0,0,0,0,0,0,0,0,0,1,4
"1411",0,0,0,0,0,0,0,0,0,0,0,0,0,4
"1412",1,0,1,0,0,0,1,1,1,0,1,0,0,5
"1413",0,0,0,0,0,0,0,0,0,0,0,0,0,4
"1414",0,0,0,0,0,0,0,0,0,0,0,0,0,4
"1415",1,1,1,1,1,1,0,0,0,0,0,0,0,7
"1416",0,0,0,0,0,0,0,0,0,0,0,0,0,1
"1417",1,1,1,0,1,1,1,1,1,1,0,0,0,5
"1418",0,0,0,0,0,0,0,0,0,0,0,0,0,5
"1419",0,0,0,0,0,0,0,0,0,0,0,0,0,4
"1420",0,0,0,0,0,0,0,0,0,0,0,0,0,2
"1421",0,0,0,0,0,0,0,0,0,0,0,0,0,8
"1422",0,0,0,0,0,0,0,0,0,0,0,0,0,3
"1423",0,0,0,0,0,0,0,0,0,0,0,0,0,4
"1424",0,0,0,0,0,0,0,0,0,0,0,0,0,2
"1425",0,0,0,0,0,0,0,0,0,0,0,0,0,4
"1426",0,0,0,1,0,0,1,1,1,0,0,0,0,7
"1427",0,0,0,0,0,1,1,1,1,1,1,1,1,6
"1428",0,0,0,0,0,0,0,0,0,0,0,0,0,5
"1429",0,0,0,1,0,0,1,1,1,0,0,0,0,4
"1430",1,1,1,1,1,1,1,1,1,1,1,1,0,5
"1431",0,0,0,0,0,0,0,0,0,0,0,0,0,4
"1432",0,0,0,0,0,0,0,0,0,0,0,0,0,3
"1433",0,0,0,0,1,0,0,1,0,0,0,0,0,4
"1434",0,0,0,0,0,0,0,0,0,0,0,0,0,3
"1435",0,0,0,0,0,0,0,0,0,0,0,0,0,5
"1436",0,0,0,0,0,0,0,0,0,0,0,0,0,3
"1437",0,0,0,0,0,0,0,0,0,0,0,0,0,5
"1438",0,0,0,0,0,0,0,0,0,0,0,0,0,6
"1439",0,0,0,0,0,0,1,1,1,0,0,0,1,4
"1440",0,0,0,0,0,0,0,0,0,0,0,0,0,3
"1441",0,0,0,0,1,1,0,0,0,0,0,0,0,4
"1442",0,0,0,0,0,0,0,0,0,0,0,0,0,7
"1443",0,0,0,0,0,0,0,0,0,0,0,0,0,3
"1444",1,0,0,0,0,0,1,0,0,0,0,0,0,3
"1445",0,0,0,0,0,0,0,0,0,0,0,0,0,4
"1446",0,0,0,0,0,0,0,0,0,0,0,0,0,6
"1447",1,1,1,1,1,1,1,1,1,0,0,0,0,4
"1448",0,0,0,0,0,0,0,0,0,0,0,0,1,7
"1449",0,0,0,0,0,0,0,0,0,0,0,0,0,4
"1450",0,0,0,0,0,0,0,0,0,0,0,0,0,4
"1451",1,0,0,1,0,0,1,0,0,0,0,0,1,3
"1452",1,0,1,0,0,0,1,0,0,0,0,0,1,4
"1453",1,0,0,0,0,0,1,0,0,0,0,0,0,3
"1454",0,0,0,0,0,0,0,0,0,0,0,0,0,5
"1455",0,0,0,0,0,0,0,0,0,0,0,0,0,6
"1456",0,0,0,0,0,0,0,0,0,0,0,0,0,7
"1457",0,0,0,0,0,0,0,0,0,0,0,0,1,4
"1458",0,0,0,0,0,0,0,0,0,0,0,0,0,8
"1459",1,1,1,1,1,1,1,1,0,1,0,0,1,7
"1460",0,0,0,0,0,0,0,0,0,0,0,0,0,5
"1461",1,0,1,1,0,0,1,1,1,1,0,0,1,5
"1462",0,0,0,0,0,0,0,0,0,0,0,0,1,6
"1463",1,0,1,1,1,1,1,0,0,0,0,0,0,3
"1464",0,0,0,0,0,0,0,0,0,0,0,0,0,5
"1465",1,0,0,1,0,0,0,0,0,0,0,0,1,5
"1466",0,0,0,0,0,0,0,0,0,0,0,0,0,4
"1467",0,0,0,0,0,0,0,0,0,0,0,0,1,5
"1468",0,0,0,0,0,0,0,0,0,0,0,0,0,6
"1469",0,0,0,0,0,0,0,0,0,0,0,0,0,5
"1470",1,1,1,1,0,1,1,1,1,1,1,0,0,8
"1471",1,1,1,1,1,0,1,1,1,1,1,0,1,6
"1472",0,0,0,0,0,0,0,0,0,0,0,0,0,6
"1473",0,0,0,0,0,0,0,0,0,0,0,0,0,5
"1474",1,0,0,0,0,0,1,1,1,0,0,0,0,8
"1475",0,0,0,1,0,0,0,0,0,0,0,0,0,6
"1476",0,0,0,0,0,0,0,0,0,0,0,0,0,3
"1477",1,0,0,0,0,0,0,0,0,0,0,0,1,5
"1478",0,0,0,0,0,0,0,0,0,0,0,0,0,3
"1479",1,0,0,0,0,0,0,0,0,0,0,0,0,4
"1480",0,0,0,0,0,0,0,0,0,0,0,0,1,5
"1481",1,1,0,1,1,1,1,1,0,0,1,0,1,5
"1482",1,0,0,0,0,0,1,1,0,0,0,0,1,3
"1483",1,1,1,1,0,0,0,1,0,0,0,0,1,5
"1484",1,1,1,0,1,1,1,1,1,1,1,1,0,4
"1485",0,0,0,0,0,0,0,0,0,0,0,0,0,3
"1486",0,0,0,0,0,0,0,0,0,0,0,0,0,4
"1487",0,0,0,0,0,0,0,0,0,0,0,0,0,7
"1488",0,0,0,0,0,0,0,0,0,0,0,0,0,4
"1489",1,1,1,0,1,1,1,1,1,1,1,1,0,5
"1490",0,0,0,0,0,0,0,0,0,0,0,0,1,4
"1491",1,1,1,1,0,0,1,1,1,0,1,0,0,4
"1492",1,1,1,1,1,1,1,1,1,1,1,1,0,7
"1493",0,0,0,0,0,0,0,0,0,0,0,0,0,6
"1494",1,0,1,0,0,0,1,1,0,0,0,0,0,5
"1495",0,0,0,0,0,0,0,0,0,0,0,0,0,4
"1496",0,0,0,0,0,0,0,0,0,0,0,0,0,4
"1497",1,0,0,0,0,0,1,0,0,0,0,0,0,4
"1498",0,0,0,0,0,0,0,0,0,0,0,0,0,3
"1499",1,1,1,1,1,1,1,1,0,0,1,1,1,4
"1500",0,0,0,0,0,0,0,0,0,0,0,0,0,3
"1501",0,0,0,0,0,0,0,0,0,0,0,0,0,4
"1502",0,0,0,0,1,0,1,0,0,0,0,0,0,5
"1503",1,1,1,0,0,0,0,0,0,0,0,0,0,3
"1504",0,0,0,0,0,0,0,0,0,0,0,0,0,5
"1505",0,0,0,0,0,0,0,0,0,0,0,0,0,5
"1506",0,0,0,0,0,0,0,0,0,0,0,0,0,5
"1507",0,0,0,0,0,0,0,0,0,0,0,0,0,4
"1508",0,0,0,0,0,0,0,0,0,0,0,0,1,5
"1509",0,0,0,0,0,0,1,1,0,0,0,0,0,4
"1510",0,0,0,0,0,0,0,0,0,0,0,0,0,6
"1511",0,0,0,0,0,0,0,0,0,0,0,0,0,4
"1512",0,0,0,0,0,0,0,0,0,0,0,0,0,7
"1513",1,1,1,1,1,1,1,1,1,1,1,1,1,6
"1514",1,1,1,1,1,1,0,0,0,0,0,0,0,5
"1515",1,0,0,0,0,0,1,0,0,0,0,0,1,5
"1516",0,0,0,0,0,0,0,0,0,0,0,0,0,6
"1517",0,0,0,0,0,0,0,0,0,0,0,0,0,3
"1518",0,0,0,0,0,0,0,0,0,0,0,0,1,3
"1519",0,0,0,0,0,0,0,0,0,0,0,0,0,6
"1520",1,0,1,0,0,0,0,0,0,0,0,0,0,3
"1521",0,0,0,0,0,0,0,0,0,0,0,0,1,6
"1522",1,1,1,1,1,1,1,1,1,0,0,0,0,10
"1523",0,0,0,0,0,0,0,0,0,0,0,0,0,6
"1524",1,0,1,1,0,0,1,0,0,0,0,0,1,6
"1525",0,0,0,0,0,0,0,0,0,0,0,0,0,3
"1526",0,0,0,0,0,0,0,0,0,0,0,0,0,4
"1527",0,0,0,0,0,0,0,0,0,0,0,0,0,4
"1528",0,1,0,1,0,1,0,1,1,0,1,1,1,5
"1529",0,0,0,0,0,0,0,0,0,0,0,0,0,6
"1530",0,0,0,0,0,0,0,0,0,0,0,0,0,4
"1531",1,0,1,1,1,1,1,0,0,0,0,0,0,3
"1532",0,0,0,0,0,0,0,0,0,0,0,0,0,8
"1533",0,0,0,0,0,0,0,0,0,0,0,0,0,5
"1534",0,0,0,0,0,0,0,0,0,0,0,0,0,4
"1535",0,0,0,0,0,0,0,0,0,0,0,0,1,3
"1536",0,0,0,0,0,0,0,0,0,0,0,0,0,7
"1537",0,0,0,0,1,1,0,0,0,0,0,0,1,7
"1538",0,0,0,0,0,0,0,0,0,0,0,0,0,5
"1539",0,0,0,0,0,0,0,0,0,0,0,0,0,5
"1540",1,1,1,1,1,0,0,0,0,0,0,0,0,3
"1541",1,0,0,0,0,0,1,0,0,0,0,0,1,5
"1542",0,0,0,0,0,0,0,0,0,0,0,0,0,5
"1543",0,0,0,0,0,0,0,0,0,0,0,0,0,3
"1544",1,0,0,0,0,0,0,0,0,0,0,0,1,4
"1545",0,0,0,0,0,0,1,0,0,0,0,0,0,5
"1546",0,1,1,0,1,0,0,0,0,0,0,0,1,5
"1547",0,0,0,0,0,0,0,0,0,0,0,0,0,4
"1548",0,0,0,0,1,0,0,0,0,0,0,0,0,3
"1549",0,0,0,0,0,0,0,0,0,0,0,0,0,5
"1550",0,0,0,0,0,0,0,0,0,0,0,0,0,2
"1551",1,0,0,0,0,0,0,0,0,0,0,0,0,5
"1552",0,1,1,0,0,0,1,1,0,0,0,0,1,5
"1553",1,0,0,0,0,0,0,0,0,0,0,0,0,5
"1554",1,1,1,1,0,1,1,0,1,1,0,1,1,5
"1555",0,0,0,0,0,0,0,0,0,0,0,0,0,9
"1556",0,0,0,0,0,0,0,0,0,0,0,0,0,3
"1557",0,0,1,0,0,0,0,0,1,0,0,0,0,9
"1558",1,0,1,0,0,0,1,1,1,0,0,0,0,4
"1559",0,0,0,0,0,0,0,0,0,0,0,0,0,4
"1560",0,0,0,0,0,0,0,0,0,0,0,0,0,8
"1561",0,0,0,0,0,0,0,0,0,0,0,0,0,2
"1562",0,0,0,0,0,0,0,0,0,0,0,0,0,4
"1563",0,0,0,0,0,0,0,0,0,0,0,0,1,3
"1564",0,0,0,0,0,0,0,0,0,0,0,0,0,4
"1565",1,1,1,1,1,1,1,1,1,0,0,0,0,5
"1566",0,0,0,0,0,0,1,0,0,0,0,0,1,4
"1567",1,0,0,0,0,0,1,0,0,0,0,0,0,7
"1568",0,0,0,0,0,0,0,0,0,0,0,0,0,4
"1569",0,0,0,0,0,0,0,0,0,0,0,0,0,3
"1570",1,0,1,0,0,0,1,1,1,0,0,0,0,5
"1571",0,0,0,0,0,0,1,1,1,0,1,0,0,5
"1572",0,0,0,0,0,0,0,0,0,0,0,0,0,4
"1573",1,0,0,0,0,0,0,0,0,0,0,0,0,3
"1574",0,0,0,0,0,0,0,0,0,0,0,0,0,4
"1575",1,1,1,0,1,1,0,0,0,0,0,0,0,4
"1576",1,0,0,0,0,0,0,0,0,0,0,0,0,5
"1577",0,0,0,0,0,0,0,0,0,0,0,0,0,5
"1578",1,0,0,0,0,0,0,0,0,0,0,0,0,4
"1579",1,0,0,0,0,0,0,0,0,0,0,0,0,8
"1580",0,1,1,1,0,0,0,0,0,0,0,0,1,3
"1581",0,0,0,0,0,0,0,0,0,0,0,0,0,9
"1582",1,1,1,1,0,1,1,1,1,0,1,1,0,5
"1583",0,0,0,0,0,0,0,0,0,0,0,0,0,4
"1584",0,0,0,0,0,0,0,0,0,0,0,0,0,5
"1585",0,0,0,0,0,0,0,0,0,0,0,0,0,3
"1586",1,1,1,1,1,1,1,1,1,1,1,1,1,7
"1587",0,0,0,0,0,0,0,0,0,0,0,0,0,6
"1588",0,0,0,0,0,0,0,0,0,0,0,0,0,3
"1589",0,0,0,0,0,0,0,0,0,0,0,0,0,5
"1590",0,0,0,0,0,0,0,0,0,0,0,0,0,5
"1591",1,0,0,0,0,0,1,1,1,0,0,0,0,4
"1592",1,0,0,0,0,0,1,0,0,0,0,0,0,5
"1593",0,0,0,0,0,0,0,0,0,0,0,0,1,7
"1594",0,0,0,0,0,0,0,0,0,0,0,0,0,5
"1595",0,0,0,0,0,0,0,0,0,0,0,0,0,15
"1596",0,0,0,0,0,0,0,0,0,0,0,0,0,4
"1597",1,0,1,1,0,0,1,0,0,0,0,0,0,4
"1598",0,1,1,1,0,0,0,0,0,0,0,0,0,3
"1599",1,0,1,0,0,1,1,0,0,0,0,0,1,7
"1600",1,1,1,1,1,1,1,0,0,0,0,0,1,8
"1601",0,0,0,0,0,0,0,0,0,0,0,0,0,4
"1602",0,0,1,0,0,0,0,0,0,0,0,0,0,5
"1603",0,0,0,0,0,0,0,0,0,0,0,0,0,4
"1604",1,1,1,1,1,1,1,1,1,1,1,1,1,6
"1605",1,0,1,0,0,1,0,0,0,0,0,0,0,3
"1606",1,1,1,1,1,1,0,0,0,1,1,0,1,3
"1607",0,0,0,0,0,0,0,0,0,0,0,0,1,4
"1608",0,0,0,0,0,0,1,1,1,1,0,0,0,3
"1609",0,0,0,0,0,0,0,0,0,0,0,0,0,4
"1610",0,0,0,0,0,0,0,0,0,0,0,0,0,3
"1611",0,0,0,0,0,0,0,0,0,0,0,0,0,4
"1612",1,1,0,0,1,0,0,0,0,0,0,0,1,4
"1613",1,1,1,1,1,1,0,0,0,0,0,0,0,5
"1614",0,0,0,0,0,0,0,0,0,0,0,0,1,7
"1615",0,0,0,0,0,0,0,0,0,0,0,0,0,4
"1616",0,0,0,0,0,0,0,0,0,0,0,0,1,4
"1617",0,0,0,0,0,0,0,0,0,0,0,0,0,5
"1618",1,1,1,0,1,0,0,0,0,0,0,0,1,4
"1619",0,0,0,0,0,0,0,0,0,0,0,0,0,5
"1620",1,1,1,1,1,0,1,1,1,0,0,0,0,11
"1621",1,0,1,0,0,0,0,0,0,0,0,0,1,4
"1622",0,0,0,0,0,0,0,0,0,0,0,0,0,5
"1623",0,0,0,0,0,0,0,0,0,0,0,0,0,4
"1624",0,0,0,0,0,0,0,0,0,0,0,0,0,3
"1625",0,0,0,0,0,0,0,0,0,0,0,0,0,6
"1626",0,0,0,0,0,0,0,0,0,0,0,0,0,4
"1627",1,0,1,0,1,1,1,1,1,0,1,1,0,5
"1628",0,0,0,0,0,0,0,0,0,0,0,0,0,5
"1629",0,0,0,0,0,0,0,0,0,0,0,0,0,7
"1630",1,0,1,0,1,0,0,0,0,0,0,0,0,3
"1631",1,0,0,0,0,0,1,0,0,0,0,0,1,8
"1632",1,0,1,0,1,0,0,0,0,0,0,0,0,4
"1633",0,0,0,0,0,0,0,0,0,0,0,0,1,8
"1634",1,0,0,0,0,0,0,0,0,0,0,0,0,5
"1635",0,0,0,0,0,0,0,0,0,0,0,0,0,5
"1636",0,0,0,0,1,0,0,0,0,0,0,1,0,2
"1637",1,0,0,1,0,0,0,0,0,0,0,0,1,6
"1638",0,0,0,0,0,0,0,0,0,0,0,0,0,4
"1639",0,0,0,0,0,0,0,0,0,0,0,0,0,3
"1640",0,0,0,0,0,0,0,0,0,0,0,0,0,4
"1641",0,0,0,0,0,0,0,0,0,0,0,0,0,5
"1642",1,0,0,0,0,0,1,0,1,0,0,0,1,6
"1643",1,0,0,0,0,0,0,0,0,0,0,0,1,4
"1644",0,0,0,0,0,0,0,0,0,0,0,0,0,6
"1645",1,0,1,0,0,0,1,0,0,0,0,0,0,7
"1646",0,0,0,0,0,0,0,0,0,0,0,0,0,3
"1647",0,0,0,0,0,0,0,0,0,0,0,0,0,3
"1648",0,0,0,0,0,0,0,0,0,0,0,0,1,11
"1649",0,0,0,0,0,0,0,0,0,0,0,0,1,6
"1650",0,0,1,0,0,0,1,1,1,0,0,0,0,5
"1651",0,0,0,0,0,0,0,0,0,0,0,0,0,5
"1652",1,0,1,0,0,0,1,1,1,0,0,0,0,9
"1653",1,0,1,0,0,0,1,1,0,0,0,0,0,4
"1654",0,0,0,0,0,0,0,0,0,0,0,0,0,5
"1655",0,0,0,0,0,0,0,0,0,0,0,0,1,5
"1656",1,0,1,0,0,1,1,1,1,0,0,0,0,4
"1657",1,0,0,0,0,0,0,0,0,0,0,0,0,7
"1658",0,0,0,0,0,0,0,0,1,0,0,0,0,5
"1659",0,0,0,0,0,0,0,0,0,0,0,0,0,3
"1660",0,0,0,0,0,0,0,0,0,0,0,0,0,4
"1661",0,0,0,0,0,0,0,0,0,0,0,0,0,5
"1662",1,1,1,1,1,1,1,1,1,1,1,1,0,4
"1663",0,0,0,0,0,0,0,0,0,0,0,0,0,3
"1664",0,0,1,0,0,0,1,1,1,0,0,0,0,6
"1665",0,0,0,0,0,0,0,0,0,0,0,0,0,3
"1666",0,0,0,0,0,0,0,0,0,0,0,0,0,4
"1667",0,0,0,0,0,0,0,0,0,0,0,0,0,5
"1668",0,0,0,0,0,0,0,0,0,0,0,0,0,8
"1669",1,1,1,1,1,1,1,1,1,1,1,1,1,4
"1670",1,1,1,1,1,1,1,1,1,1,0,1,0,5
"1671",1,1,1,0,1,0,1,1,1,0,1,0,0,2
"1672",0,0,1,0,1,0,1,1,1,0,0,0,0,5
"1673",1,1,1,1,1,1,1,1,1,1,1,1,0,6
"1674",1,0,0,0,1,1,0,0,1,0,1,0,1,4
"1675",1,0,0,0,0,1,0,0,0,0,0,0,0,3
"1676",0,0,0,0,0,0,0,0,0,0,0,0,0,8
"1677",0,0,0,0,0,0,0,0,0,0,0,0,1,7
"1678",0,0,0,0,0,0,0,0,0,0,0,0,0,5
"1679",0,0,0,0,0,0,0,0,0,0,0,0,0,5
"1680",0,0,0,0,0,0,0,0,0,0,0,0,0,4
"1681",0,0,0,0,0,0,0,0,0,0,0,0,1,4
"1682",0,0,0,0,0,0,0,0,0,0,0,0,0,3
"1683",1,1,1,1,1,1,0,0,1,0,0,0,0,5
"1684",1,0,0,0,0,0,1,0,0,0,0,0,0,3
"1685",0,0,0,0,0,0,0,0,0,0,0,0,0,7
"1686",0,0,0,0,0,0,0,0,0,0,0,0,0,4
"1687",0,0,0,0,0,0,0,0,0,0,0,0,0,5
"1688",0,0,0,0,0,0,0,0,0,0,0,0,1,6
"1689",0,0,0,0,0,0,0,0,0,0,0,0,0,6
"1690",1,1,1,1,1,1,1,1,1,1,1,1,1,6
"1691",0,0,0,0,0,0,0,0,0,0,0,0,0,7
"1692",1,1,1,1,1,1,1,1,1,1,1,1,1,7
"1693",0,0,0,0,0,0,0,0,0,0,0,0,1,7
"1694",0,0,0,0,0,0,0,0,0,0,0,0,0,4
"1695",0,0,0,0,0,0,0,0,0,0,0,0,0,5
"1696",0,0,0,0,0,0,0,0,0,0,0,0,1,3
"1697",0,0,0,0,0,0,0,0,0,0,0,0,0,3
"1698",0,0,0,1,0,0,0,0,1,0,0,0,0,4
"1699",0,0,0,0,0,0,0,0,0,0,0,0,0,7
"1700",1,0,1,0,0,0,1,1,0,0,0,0,0,6
"1701",0,0,0,0,0,0,0,0,0,0,0,0,0,6
"1702",0,0,0,0,0,0,0,0,0,0,0,0,0,5
"1703",0,0,0,0,0,0,0,0,0,0,0,0,0,4
"1704",0,0,0,0,0,0,0,0,0,0,0,0,0,4
"1705",1,0,1,1,1,1,1,1,0,0,0,0,1,4
"1706",0,0,0,0,0,0,0,0,0,0,0,0,0,5
"1707",0,0,0,0,0,0,0,0,0,0,0,0,0,8
"1708",1,1,1,0,1,1,1,1,1,0,0,0,1,7
"1709",1,1,1,1,0,0,1,1,1,1,1,1,0,5
"1710",0,0,0,0,0,0,0,0,0,0,0,0,0,6
"1711",1,1,1,1,1,1,1,1,1,1,1,1,0,6
"1712",0,0,1,0,0,0,0,0,0,0,0,0,0,4
"1713",0,0,0,0,0,0,0,0,0,0,0,0,0,6
"1714",0,0,0,0,0,0,1,0,0,0,0,0,0,9
"1715",1,1,1,1,1,1,1,1,1,1,1,1,1,2
"1716",1,1,1,1,1,1,1,1,1,1,1,1,0,4
"1717",0,0,0,0,0,0,0,0,0,0,0,0,0,5
"1718",0,0,0,0,0,0,0,0,0,0,0,0,0,5
"1719",0,0,0,0,0,0,0,0,0,0,0,0,0,5
"1720",1,0,1,0,1,1,0,1,1,0,0,0,0,3
"1721",1,1,1,1,1,1,1,1,1,1,0,0,0,5
"1722",1,1,1,0,0,0,1,0,1,0,0,0,0,6
"1723",0,0,0,0,0,0,0,0,0,0,0,0,0,3
"1724",0,0,0,0,0,0,0,0,0,0,0,0,0,5
"1725",0,0,0,0,0,0,0,0,0,0,0,0,1,6
"1726",1,1,1,1,1,1,1,1,1,1,1,1,0,4
"1727",0,0,0,0,0,0,0,0,0,0,0,0,0,5
"1728",0,0,0,0,0,0,0,0,0,0,0,0,0,3
"1729",0,0,0,0,0,0,0,0,0,0,0,0,0,2
"1730",0,0,0,0,0,0,0,0,0,0,0,0,0,3
"1731",0,0,0,0,0,0,0,0,0,0,0,0,0,6
"1732",1,0,1,0,0,0,1,1,1,1,1,1,0,2
"1733",1,0,1,0,0,0,1,1,1,0,0,0,0,10
"1734",1,0,0,0,0,0,1,0,0,0,0,0,1,5
"1735",0,0,1,0,0,1,1,1,1,0,0,0,0,8
"1736",0,0,0,0,0,0,0,0,0,0,0,0,0,4
"1737",1,1,1,0,1,0,1,1,0,0,1,0,0,4
"1738",0,0,1,1,1,0,0,1,0,0,0,0,0,8
"1739",0,0,0,0,0,0,0,0,0,0,0,0,0,5
"1740",0,0,0,0,0,0,0,0,0,0,0,0,0,4
"1741",1,1,1,1,1,0,0,1,1,1,0,1,0,7
"1742",1,1,1,1,1,1,1,1,1,1,1,1,1,5
"1743",0,0,0,1,0,1,1,1,1,0,0,0,0,3
"1744",0,0,0,0,0,0,0,0,0,0,0,0,0,4
"1745",0,0,0,0,0,0,0,0,0,0,0,0,0,5
"1746",0,0,0,0,0,0,0,0,0,0,0,0,0,7
"1747",1,0,0,0,0,0,0,0,0,0,0,0,0,4
"1748",1,0,1,0,0,0,0,0,0,0,0,0,0,6
"1749",0,0,0,0,0,0,0,0,0,0,0,0,1,4
"1750",1,1,1,0,1,0,1,1,1,0,0,0,0,3
"1751",1,1,1,1,0,0,1,0,0,0,0,0,0,4
"1752",1,0,1,0,0,0,0,0,0,0,0,0,0,3
"1753",1,0,1,0,0,0,0,0,0,0,0,0,0,6
"1754",1,0,0,0,1,0,1,1,1,0,0,0,1,3
"1755",0,0,0,0,0,0,0,0,0,0,0,0,0,3
"1756",1,1,1,0,1,0,1,1,1,1,0,0,0,5
"1757",0,0,0,0,0,0,0,0,0,0,0,0,0,4
"1758",0,0,0,0,0,0,0,0,0,0,0,0,0,4
"1759",0,0,0,0,0,0,0,0,0,0,0,0,0,5
"1760",0,0,0,0,0,0,0,0,0,0,0,0,0,7
"1761",0,0,0,0,0,0,0,0,0,0,0,0,0,3
"1762",1,0,0,0,0,0,0,0,0,0,0,0,0,4
"1763",0,0,0,0,0,0,0,0,0,0,0,0,0,4
"1764",0,0,0,0,0,0,0,0,0,0,0,0,0,5
"1765",0,0,0,0,0,0,0,0,0,0,0,0,0,3
"1766",0,0,0,0,0,0,0,0,0,0,0,0,0,5
"1767",0,0,0,0,0,0,0,0,0,0,0,0,0,5
"1768",0,0,0,0,0,0,0,0,0,0,0,0,0,5
"1769",0,0,0,0,0,0,0,0,0,0,0,0,0,3
"1770",0,0,0,0,0,0,0,0,0,0,0,0,0,4
"1771",0,0,0,0,0,0,0,0,0,0,0,0,0,3
"1772",1,0,0,0,0,0,0,0,0,0,0,0,0,4
"1773",0,0,1,0,1,1,0,0,0,0,0,0,0,6
"1774",0,0,0,0,0,0,0,0,0,0,0,0,0,8
"1775",0,0,0,0,0,0,0,0,0,0,0,0,0,3
"1776",1,1,1,1,1,1,1,1,1,1,1,1,1,4
"1777",0,0,0,0,0,0,0,0,0,0,0,0,0,4
"1778",1,0,0,0,0,0,1,0,0,0,0,0,0,4
"1779",1,0,0,0,0,0,1,1,1,0,0,0,0,4
"1780",1,0,0,1,0,0,1,0,1,0,0,0,0,6
"1781",1,0,0,0,0,0,1,1,1,0,0,0,0,4
"1782",1,0,0,0,1,0,0,1,1,1,1,0,0,4
"1783",0,0,0,0,0,0,1,0,0,0,0,0,0,4
"1784",1,0,0,0,0,0,1,0,0,0,0,0,0,4
"1785",0,0,0,0,0,0,0,0,0,0,0,0,0,6
"1786",0,0,0,0,0,0,0,0,0,0,0,0,0,3
"1787",0,0,0,0,0,0,0,0,0,0,0,0,0,3
"1788",1,1,1,1,1,1,1,1,1,0,0,0,0,2
"1789",0,0,0,0,0,0,0,0,0,0,0,0,0,5
"1790",1,1,1,1,1,1,1,1,1,1,1,1,0,2
"1791",0,0,0,0,0,0,0,0,0,0,0,0,0,4
"1792",0,0,0,0,0,0,0,0,0,0,0,0,0,5
"1793",1,0,0,0,0,0,0,0,0,0,0,0,0,5
"1794",1,1,1,1,1,1,1,1,1,1,1,1,1,6
"1795",0,0,0,0,0,0,0,0,0,0,0,0,0,5
"1796",1,0,1,0,0,0,1,1,0,0,0,0,0,4
"1797",0,0,0,0,0,0,0,0,0,0,0,0,0,4
"1798",1,0,0,0,0,0,1,0,0,0,0,0,1,5
"1799",1,1,1,1,1,1,0,0,0,0,0,0,0,8
"1800",0,0,0,0,0,0,0,0,0,0,0,0,0,6
"1801",0,0,0,0,0,0,0,0,0,0,0,0,0,3
"1802",0,0,0,0,0,0,0,0,0,0,0,0,0,3
"1803",0,0,0,0,0,0,0,0,0,0,0,0,0,7
"1804",0,0,0,0,0,0,0,0,0,0,0,0,0,4
"1805",0,0,0,0,0,0,0,0,0,0,0,0,1,4
"1806",1,1,1,1,1,1,1,1,1,1,1,0,1,4
"1807",1,1,1,1,1,1,1,1,1,1,1,1,0,5
"1808",0,0,0,0,0,0,0,0,0,0,0,0,0,4
"1809",1,1,1,1,1,1,1,0,0,0,0,0,0,6
"1810",0,0,0,0,0,0,0,0,0,0,0,0,0,2
"1811",1,1,1,1,1,1,1,1,1,0,0,0,0,4
"1812",0,0,0,0,0,0,0,0,0,0,0,0,0,4
"1813",1,0,0,0,0,0,0,0,0,0,0,0,0,5
"1814",1,0,0,0,0,0,0,0,0,0,0,0,1,5
"1815",0,0,0,0,0,0,0,0,0,0,0,0,0,10
"1816",0,0,1,0,1,0,1,1,1,0,0,0,0,8
"1817",0,0,0,0,0,0,0,0,0,0,0,0,1,5
"1818",0,0,0,0,0,0,0,0,0,0,0,0,0,7
"1819",0,0,0,0,0,0,0,0,0,0,0,0,0,5
"1820",0,0,0,0,0,0,0,0,0,0,0,0,0,8
"1821",0,0,0,0,0,0,0,0,0,0,0,0,0,3
"1822",1,0,1,0,1,0,1,1,0,0,0,0,1,7
"1823",0,0,0,0,0,0,0,0,0,0,0,0,0,4
"1824",1,0,0,0,0,0,1,0,0,0,0,0,0,3
"1825",1,0,0,0,0,0,0,1,0,0,0,0,0,7
"1826",1,1,1,1,0,0,1,1,1,1,0,0,0,7
"1827",0,0,0,0,0,0,0,0,0,0,0,0,1,3
"1828",1,0,1,0,0,0,1,1,1,0,0,0,0,5
"1829",0,0,0,0,0,0,0,0,0,0,0,0,0,4
"1830",1,0,1,0,0,0,1,1,1,0,0,0,0,5
"1831",0,0,0,0,0,0,0,0,0,0,0,0,0,5
"1832",1,0,0,0,0,0,0,0,0,0,0,0,0,4
"1833",0,0,0,0,0,0,0,0,0,0,0,0,0,8
"1834",0,0,0,0,0,0,0,0,0,0,0,0,1,8
"1835",0,0,0,0,0,0,0,0,0,0,0,0,0,4
"1836",0,0,0,0,0,0,0,0,0,0,0,0,0,4
"1837",1,0,0,1,0,0,1,0,0,0,0,0,1,6
"1838",0,0,0,0,0,0,0,0,0,0,0,0,0,6
"1839",0,0,0,0,0,0,0,0,0,0,0,0,1,4
"1840",1,0,0,0,1,0,0,0,0,0,0,0,0,4
"1841",0,0,0,0,0,0,0,0,0,0,0,0,0,4
"1842",1,0,1,0,0,0,0,0,0,0,0,0,1,5
"1843",0,0,0,0,0,0,0,0,0,0,0,0,0,4
"1844",1,1,1,0,1,1,1,1,1,1,1,1,0,6
"1845",0,0,0,0,0,0,0,0,0,0,0,0,1,9
"1846",0,0,0,1,0,0,0,0,0,0,0,0,0,7
"1847",0,0,0,0,0,0,0,0,0,0,0,0,0,4
"1848",1,1,1,1,1,1,1,1,1,1,1,0,1,11
"1849",0,0,0,0,0,0,0,0,0,0,0,0,0,7
"1850",0,0,0,0,0,0,0,0,0,0,0,0,0,4
"1851",0,0,0,0,0,0,0,0,0,0,0,0,0,7
"1852",1,0,0,0,0,0,1,0,0,0,0,0,1,16
"1853",0,0,0,0,0,0,0,0,0,0,0,0,0,5
"1854",0,0,0,0,0,0,0,0,0,0,0,0,1,6
"1855",0,0,0,0,0,0,0,0,0,0,0,0,0,3
"1856",1,1,1,1,0,0,1,1,1,0,0,0,0,4
"1857",0,0,0,0,0,0,0,0,0,0,0,0,0,6
"1858",0,0,0,0,0,0,0,0,0,0,0,0,0,6
"1859",0,0,0,0,0,0,0,0,0,0,0,0,0,3
"1860",1,0,0,0,0,0,0,0,0,0,0,0,0,5
"1861",1,0,1,0,0,0,0,0,0,0,0,0,0,2
"1862",0,0,0,0,0,0,0,0,0,0,0,0,0,4
"1863",0,0,0,0,0,0,0,0,0,0,0,0,0,3
"1864",0,0,0,0,0,0,0,0,0,0,0,0,1,5
"1865",0,0,0,0,0,0,0,0,0,0,0,0,0,5
"1866",0,0,0,0,0,0,0,0,0,0,0,0,0,7
"1867",0,0,0,0,0,0,0,0,0,0,0,0,0,6
"1868",0,0,0,0,0,0,0,0,0,0,0,0,1,4
"1869",0,0,0,0,0,0,0,0,0,0,0,0,0,4
"1870",0,0,0,0,0,0,0,0,0,0,0,0,0,4
"1871",1,0,0,0,0,0,1,0,0,0,0,0,1,5
"1872",1,0,1,0,0,0,0,0,1,0,1,0,0,3
"1873",0,0,0,0,0,0,0,0,0,0,0,0,0,8
"1874",1,0,0,0,0,0,1,0,1,0,0,0,0,5
"1875",1,0,1,0,0,0,1,0,1,0,0,0,1,3
"1876",0,0,0,0,0,0,0,0,0,0,0,0,0,7
"1877",0,0,0,0,0,0,0,0,0,0,0,0,0,3
"1878",0,0,0,1,0,0,0,0,0,0,0,0,0,6
"1879",1,0,1,0,0,0,0,1,0,0,0,0,1,6
"1880",0,1,1,1,1,1,1,1,1,1,1,1,0,3
"1881",1,0,0,0,0,0,0,0,0,0,0,0,0,4
"1882",0,0,0,0,1,1,1,1,1,1,0,0,1,9
"1883",0,0,0,0,0,0,1,0,0,0,0,0,0,5
"1884",1,0,1,0,0,0,0,0,0,0,0,0,1,5
"1885",1,1,1,0,1,1,1,1,1,0,0,0,0,4
"1886",1,0,0,0,0,0,1,0,1,0,0,0,1,4
"1887",0,0,0,0,0,0,0,0,0,0,0,0,0,4
"1888",0,0,0,0,0,0,0,0,0,0,0,0,0,4
"1889",1,1,1,1,0,0,1,0,0,0,0,0,0,5
"1890",0,0,0,0,0,0,0,0,0,0,0,0,0,4
"1891",1,0,0,0,0,0,1,1,0,0,0,0,0,4
"1892",0,0,0,0,0,0,0,0,0,0,0,0,0,4
"1893",0,0,0,0,0,0,0,0,0,0,0,0,0,3
"1894",0,0,0,0,0,0,0,0,0,0,0,0,1,4
"1895",0,1,0,1,1,0,0,0,0,0,0,0,1,6
"1896",1,0,0,0,0,0,0,1,0,1,0,0,1,4
"1897",0,0,0,0,0,0,0,0,0,0,0,0,0,5
"1898",0,0,0,0,0,0,0,0,0,0,0,0,0,3
"1899",0,0,0,0,0,0,0,0,0,0,0,0,0,4
"1900",0,0,0,0,0,0,0,0,0,0,0,0,0,5
"1901",1,1,1,1,0,1,1,1,1,1,1,1,1,6
"1902",0,0,0,0,0,0,0,0,0,0,0,0,0,4
"1903",1,0,1,1,0,0,1,1,1,1,1,1,0,5
"1904",1,0,0,0,0,0,0,0,0,0,0,0,1,4
"1905",0,0,0,0,0,0,0,0,0,0,0,0,1,3
"1906",0,0,0,0,0,0,0,0,0,0,0,0,1,4
"1907",1,0,1,1,0,0,0,0,0,0,0,0,1,7
"1908",0,0,0,0,0,0,0,0,0,0,0,0,1,3
"1909",1,0,1,0,1,0,0,0,0,0,0,0,0,5
"1910",1,0,0,1,0,0,1,0,0,0,0,0,0,5
"1911",1,1,1,1,1,1,1,1,1,0,0,0,0,2
"1912",0,0,0,0,0,0,0,0,0,0,0,0,1,6
"1913",1,0,1,0,0,0,0,0,0,0,0,0,0,3
"1914",0,0,0,0,0,0,0,0,0,0,0,0,0,3
"1915",1,1,1,1,1,1,1,1,1,1,1,1,0,3
"1916",0,0,0,0,0,0,0,0,0,0,0,0,0,4
"1917",1,1,1,0,1,1,1,1,1,0,0,0,0,2
"1918",0,0,0,0,0,0,0,0,0,0,0,0,0,4
"1919",0,0,0,0,0,0,0,0,0,0,0,0,0,7
"1920",1,0,0,0,0,0,1,0,0,0,0,0,1,4
"1921",0,0,0,0,0,0,0,0,0,0,0,0,1,2
"1922",0,0,0,0,0,0,0,0,0,0,0,0,0,4
"1923",1,0,0,0,0,0,1,0,0,0,0,0,0,5
"1924",1,1,1,0,0,0,0,1,1,0,0,0,1,3
"1925",0,0,0,0,0,0,0,0,0,0,0,0,0,4
"1926",1,0,0,0,0,0,0,1,0,0,0,0,0,6
"1927",0,0,0,0,0,0,0,0,0,0,0,0,0,8
"1928",1,1,1,1,1,1,1,1,1,1,1,1,1,6
"1929",0,0,0,0,0,0,0,0,0,0,0,0,0,6
"1930",1,0,0,0,0,0,1,0,0,0,0,0,0,7
"1931",0,0,0,0,0,0,0,0,0,0,0,0,1,6
"1932",0,0,0,0,0,0,0,0,0,0,0,0,0,2
"1933",0,0,0,0,0,0,0,0,0,0,0,0,1,4
"1934",0,0,1,0,0,0,0,1,0,0,0,0,0,3
"1935",1,0,0,0,0,0,1,0,0,0,0,0,1,6
"1936",1,0,0,0,0,0,1,0,0,0,0,0,0,5
"1937",0,0,0,0,0,0,0,0,0,0,0,0,0,2
"1938",0,0,0,0,0,0,0,0,0,0,0,0,0,4
"1939",0,0,0,0,0,0,0,0,0,0,0,0,0,3
"1940",0,0,0,0,0,0,0,0,0,0,0,0,0,5
"1941",0,0,0,0,0,0,0,0,0,0,0,0,0,3
"1942",0,1,1,0,1,0,1,1,1,0,0,0,0,4
"1943",0,0,0,0,0,0,0,0,0,0,0,0,0,3
"1944",0,0,0,0,0,0,0,0,0,0,0,0,0,6
"1945",0,0,0,0,0,0,0,0,0,0,0,0,0,4
"1946",0,0,0,0,0,0,0,0,0,0,0,0,0,4
"1947",0,0,0,0,0,0,0,0,0,0,0,0,0,4
"1948",1,0,0,0,0,0,1,0,0,0,0,0,1,5
"1949",0,0,0,0,0,0,0,0,0,0,0,0,0,5
"1950",0,0,0,0,0,0,0,0,0,0,0,0,0,4
"1951",0,0,0,0,0,0,0,0,0,0,0,0,0,7
"1952",1,0,0,0,0,0,0,0,0,0,0,0,0,6
"1953",0,0,0,0,0,0,0,0,0,0,0,0,0,3
"1954",0,0,0,0,0,0,0,0,0,0,0,0,0,3
"1955",1,0,1,0,1,1,1,1,1,0,0,0,0,4
"1956",0,0,0,0,0,0,0,0,0,0,0,0,0,4
"1957",0,0,0,1,0,1,0,0,0,0,0,0,0,4
"1958",0,0,0,0,0,0,0,0,0,0,0,0,0,4
"1959",1,0,0,0,0,0,0,0,0,0,0,0,0,3
"1960",0,0,0,0,0,0,0,0,0,0,0,0,0,3
"1961",0,0,0,0,0,0,0,0,0,0,0,0,0,5
"1962",0,0,0,0,0,0,0,0,0,0,0,0,0,7
"1963",0,0,0,0,0,0,0,0,0,0,0,0,0,4
"1964",0,0,0,0,0,0,0,0,0,0,0,0,0,5
"1965",0,0,0,0,0,0,0,0,0,0,0,0,0,3
"1966",0,0,0,0,0,0,0,0,0,0,0,0,0,3
"1967",1,1,1,1,1,1,1,1,1,1,1,1,0,3
"1968",0,0,0,0,0,0,0,0,0,0,0,0,0,6
"1969",0,0,0,0,0,0,0,0,0,0,0,0,1,5
"1970",1,0,0,0,0,0,1,0,0,0,0,0,0,4
"1971",1,1,1,0,1,1,1,0,0,1,1,1,1,3
"1972",0,0,1,0,0,0,0,0,1,0,0,0,0,5
"1973",0,0,0,0,0,0,0,0,0,0,0,0,0,5
"1974",1,0,0,0,0,0,0,0,0,0,0,0,1,5
"1975",0,0,0,0,0,0,0,0,0,0,0,0,0,4
"1976",1,1,1,1,0,1,1,0,0,0,0,0,0,5
"1977",1,0,0,0,0,0,1,1,0,0,0,0,1,8
"1978",0,0,0,0,0,0,0,0,0,0,0,0,0,9
"1979",0,0,0,0,0,0,0,0,0,0,0,0,0,3
"1980",0,0,0,0,0,0,0,0,0,0,0,0,0,5
"1981",0,0,0,0,0,0,0,0,0,0,0,0,0,3
"1982",1,0,1,0,0,0,1,1,1,1,1,0,1,8
"1983",0,0,0,0,0,0,0,0,0,0,0,0,0,4
"1984",1,0,1,0,0,0,1,1,0,0,0,0,1,7
"1985",0,0,0,0,0,0,0,0,0,0,0,0,0,6
"1986",1,1,1,1,1,1,0,1,0,1,0,0,0,8
"1987",0,0,0,0,0,0,0,0,0,0,0,0,0,6
"1988",0,0,1,0,0,0,0,0,0,0,0,1,1,8
"1989",1,0,0,0,0,0,1,0,0,0,0,0,0,5
"1990",0,0,0,0,0,0,0,0,0,0,0,0,0,5
"1991",1,0,1,0,1,1,1,1,1,0,0,0,0,4
"1992",0,0,0,0,0,0,0,0,0,0,0,0,0,4
"1993",0,0,0,0,0,0,0,0,0,0,0,0,0,4
"1994",0,0,0,0,0,0,0,0,0,0,0,0,0,5
"1995",0,0,0,0,0,0,0,0,0,0,0,0,0,5
"1996",0,1,1,0,0,0,1,1,1,1,1,1,0,5
"1997",0,0,0,0,0,0,0,0,0,0,0,0,1,11
"1998",0,1,0,0,0,0,0,0,0,0,0,0,1,5
"1999",0,0,0,0,0,0,0,0,0,0,0,0,0,7
"2000",1,0,0,0,1,0,0,0,0,0,0,0,0,3
